CustomerID,Recency,Frequency,Revenue,Quantity,Avg_Order_Value,CLV_Class,Predicted_CLV
12346,108,1,171.7258874,3,85.8629437,Low,Low
12347,60,31,10632.890268,342,177.2148378,High,High
12348,74,8,1341.2747419999998,209,58.31629313043477,Medium,Medium
12350,18,11,1080.9668493999998,21,63.586285258823516,Medium,Medium
12356,108,13,1648.2813185999998,56,45.78559218333333,Medium,Medium
12359,131,3,578.2054248,86,36.13783905,Low,Low
12370,190,44,6170.7470032,613,67.81040662857143,High,High
12373,25,5,433.45372439999994,22,30.96098031428571,Low,Low
12377,41,37,9099.9314788,421,118.18092829610389,High,High
12383,100,39,4997.0512146,185,72.42103209565218,High,High
12386,157,6,518.0164285999999,15,51.801642859999994,Low,Low
12388,115,10,623.5908701,25,32.820572110526314,Low,Low
12393,123,13,1968.9257624000002,119,89.49662556363637,Medium,Medium
12395,165,14,1315.2029691999999,61,41.100092787499996,Medium,Medium
12402,95,6,547.4696968,17,49.76997243636363,Low,Low
12410,11,14,1870.5229408999999,67,71.94319003461538,Medium,Medium
12413,132,10,2878.1479646000003,259,110.69799863846154,High,High
12414,18,6,465.87736759999996,7,66.55390965714285,Low,Low
12415,141,24,2856.0569277,169,60.76716867446808,High,High
12417,75,15,1656.8202024,157,55.22734008,Medium,Medium
12421,77,6,1899.8714114,17,172.71558285454546,Medium,Medium
12422,103,9,804.1464136,101,61.85741643076923,Low,Medium
12423,173,8,793.8481415,17,49.61550884375,Low,Low
12427,171,3,1261.3027448,170,97.02328806153847,Medium,Medium
12429,263,10,2510.9840273,133,125.549201365,Medium,Medium
12431,41,32,5003.910620199999,57,113.7252413681818,High,High
12433,266,55,16417.469525599998,1494,111.6834661605442,High,High
12434,223,1,43.251968,15,14.417322666666665,Low,Low
12437,18,14,1880.4233786999998,26,104.46796548333333,Medium,Medium
12441,278,11,1296.2111267999999,16,117.83737516363635,Medium,Medium
12451,104,57,7970.140997099999,799,78.9122871,High,High
12464,14,6,928.8488770999999,10,154.80814618333332,Medium,Low
12468,52,7,1200.2527903999999,26,100.02106586666666,Medium,Medium
12471,16,70,12373.714420299999,279,96.66964390859374,High,High
12472,63,67,11263.8378042,508,89.39553812857143,High,High
12474,61,27,5961.2532095999995,225,165.5903669333333,High,High
12476,34,13,2805.5564655999997,302,103.90949872592591,High,High
12477,27,2,190.09463449999998,2,95.04731724999999,Low,Low
12480,148,14,1286.3321248,51,30.626955352380953,Medium,Medium
12481,152,13,9669.5421784,757,210.20743866086954,High,High
12483,167,6,972.9897612,27,69.49926865714285,Medium,Medium
12484,150,35,5371.5206384,434,54.81143508571429,High,High
12489,151,6,756.1995463999999,48,50.413303093333326,Low,Low
12490,124,22,2574.4727792,61,59.87145998139535,Medium,Medium
12494,165,5,361.1644207,9,51.59491724285714,Low,Low
12500,141,3,82.7026944,5,16.54053888,Low,Low
12501,42,71,9206.1659688,606,57.538537305,High,High
12502,16,21,3838.8877486999995,117,123.83508866774191,High,High
12503,158,1,15.5717835,1,15.5717835,Low,Low
12510,105,12,1175.4991555,216,40.53445363793103,Medium,Medium
12515,172,4,1241.9672028,95,77.622950175,Medium,Medium
12523,132,3,478.74164959999996,28,68.39166422857143,Low,Low
12524,140,5,534.7422,23,33.4213875,Low,Low
12527,108,6,1208.4102334,424,120.84102333999999,Medium,Medium
12528,35,22,3843.5323311999996,96,123.9849139096774,High,High
12530,152,8,1181.3331071999999,86,90.87177747692307,Medium,Medium
12539,54,100,16646.9517328,486,89.02113226096257,High,High
12540,22,32,3620.1322184,310,56.5645659125,High,High
12551,189,9,1269.1010476,17,126.91010476,Medium,Medium
12553,70,14,1520.7874536,91,38.99455009230769,Medium,Medium
12557,137,4,278.9957728,10,30.999530311111112,Low,Low
12559,21,11,2628.766999,136,119.48940904545454,Medium,Medium
12567,11,71,10284.5897517,519,70.44239555958903,High,High
12574,46,5,1458.277544,190,132.57068581818183,Medium,Medium
12577,203,33,4784.755185599999,976,71.41425650149252,High,High
12578,57,40,5059.4456736,116,66.5716536,High,High
12583,152,15,2731.2135064,155,65.02889300952381,Medium,Medium
12585,161,26,4085.3230352,212,55.20706804324325,High,High
12586,303,1,19.816927399999997,1,19.816927399999997,Low,Low
12591,60,21,3913.02988,158,150.50114923076924,High,High
12594,93,5,666.9099218999999,131,55.575826824999986,Low,Low
12600,16,8,659.8320918,16,43.98880612,Low,Low
12601,137,4,514.9776752,9,57.21974168888889,Low,Low
12605,257,2,273.1368078,3,91.0456026,Low,Low
12609,66,4,401.728677,19,25.1080423125,Low,Low
12621,188,20,2230.9865327999996,117,67.6056525090909,Medium,Medium
12625,16,24,5859.9647675999995,186,101.03387530344827,High,High
12626,28,34,4423.5061626,582,66.02248003880597,High,High
12637,57,26,3583.4899048999996,125,47.77986539866666,High,High
12643,136,1,60.71953760000001,2,30.359768800000005,Low,Low
12645,52,8,2063.0875272,77,128.94297045,Medium,Medium
12647,189,28,3320.8481626,216,62.657512501886785,High,High
12649,258,1,25.9641508,2,12.9820754,Low,Low
12651,145,7,2004.6618432,255,222.74020480000001,Medium,Medium
12652,88,26,2562.7219066,169,50.249449149019604,Medium,Medium
12662,13,16,2850.8328893,148,83.84802615588235,High,High
12664,91,5,719.8846338,5,143.97692676,Low,Low
12665,104,2,103.38916799999998,17,25.847291999999996,Low,Low
12666,206,2,38.633854799999995,2,19.316927399999997,Low,Low
12668,32,38,5856.452156599999,214,79.14124535945945,High,High
12672,124,3,264.39205599999997,10,26.439205599999998,Low,Low
12673,114,11,1377.9885301999998,35,59.91254479130434,Medium,Medium
12676,22,10,1032.7789074999998,13,86.06490895833332,Medium,Medium
12678,173,3,212.8642473,6,42.57284946,Low,Low
12681,29,88,14402.606746099998,504,64.58568047578474,High,High
12682,21,68,10964.634641499999,230,86.33570583858267,High,High
12683,93,38,8823.5534491,744,114.59160323506494,High,High
12686,335,6,933.1399795999998,9,133.30571137142854,Medium,Medium
12691,66,8,1122.045418,19,74.80302786666667,Medium,Medium
12693,79,4,1593.1998665999997,17,177.02220739999996,Medium,Medium
12705,187,13,1332.8841650999998,36,44.42947216999999,Medium,Medium
12708,124,21,2395.6468858,170,72.59536017575758,Medium,Medium
12709,54,16,2655.8064808,200,80.47898426666666,Medium,Medium
12712,11,27,3183.853049,65,67.74155423404255,High,High
12720,35,26,5743.347726,225,88.35919578461538,High,High
12721,179,10,1935.0035696999998,144,107.50019831666665,Medium,Medium
12724,133,7,489.687904,13,44.51708218181818,Low,Low
12725,326,14,4115.306804,795,171.47111683333333,High,High
12726,45,16,1645.2397002,42,65.809588008,Medium,Medium
12727,82,8,900.5901597999999,15,75.04917998333333,Medium,Medium
12728,135,7,542.8951488,87,41.761165292307695,Low,Low
12731,35,38,10939.851084599999,1121,176.44921104193546,High,High
12734,172,2,96.0830862,5,24.02077155,Low,Low
12735,42,18,2757.7544489,65,64.13382439302326,High,High
12736,138,1,137.684264,25,34.421066,Low,Low
12738,336,8,1673.8434201999999,17,152.16758365454544,Medium,Medium
12744,69,34,9544.908200799999,366,170.44478929999997,High,High
12747,95,10,1364.6207775999999,211,68.23103888,Medium,Medium
12748,108,328,71251.0136721,4869,102.51944413251799,High,High
12753,153,20,2135.9075887999998,136,41.07514593846153,Medium,Medium
12754,11,17,2966.5742029999997,66,80.17768116216216,High,High
12755,264,1,51.5629676,2,51.5629676,Low,Low
12763,305,8,861.2798869999999,39,53.829992937499995,Low,Low
12764,56,28,4721.1227264,217,104.91383836444444,High,High
12766,143,28,4182.3160348,158,47.526318577272725,High,High
12775,14,7,1065.5698227999999,29,81.96690944615384,Medium,Medium
12778,31,3,453.03428339999994,10,50.33714259999999,Low,Low
12779,8,15,1971.8171131999998,98,46.9480265047619,Medium,Medium
12782,65,32,3795.0506815,172,67.76876216964286,High,High
12785,246,8,786.9782091,17,56.21272922142857,Low,Low
12791,363,2,139.4088916,2,69.7044458,Low,Low
12793,145,11,2072.388388,61,86.34951616666666,Medium,Medium
12797,213,7,419.7822258,18,24.69307210588235,Low,Low
12808,303,5,436.57253779999996,105,62.36750539999999,Low,Low
12820,112,5,552.0513834,107,50.1864894,Low,Low
12826,54,31,6276.332966,313,128.08842787755103,High,High
12829,90,6,849.4444569999999,18,70.78703808333333,Low,Low
12836,26,19,2512.1155511999996,227,64.41321926153844,Medium,Medium
12838,361,28,5163.1661624,483,87.51129088813559,High,High
12839,186,23,3066.1512756999996,107,82.86895339729729,High,High
12841,35,49,10638.0148626,376,96.70922602363636,High,High
12842,9,9,2082.1230444999997,18,148.72307460714282,Medium,Medium
12853,29,12,1728.0433247,43,75.1323184652174,Medium,Medium
12854,69,23,4350.9673188,46,120.8602033,High,High
12855,349,3,821.5982969999999,7,273.86609899999996,Low,Low
12865,210,1,172.76659999999998,2,172.76659999999998,Low,Low
12867,213,24,2980.2691274,307,51.383950472413794,High,High
12868,50,19,5163.3125463999995,101,112.24592492173912,High,High
12870,270,1,59.610323,2,29.8051615,Low,Low
12872,116,31,4145.6962822,290,62.813580033333324,High,High
12875,240,1,6.96096,1,6.96096,Low,Low
12877,123,11,1118.3439300999999,19,65.78493706470587,Medium,Medium
12908,33,1,195.5824,2,97.7912,Low,Low
12913,289,2,74.2164088,4,18.5541022,Low,Low
12915,344,7,1097.1392443999998,37,84.39532649230767,Medium,Medium
12916,87,19,3879.9233655999997,178,96.99808413999999,High,High
12921,165,30,5394.9245708,394,91.43939950508474,High,High
12924,118,1,23.753430099999996,3,11.876715049999998,Low,Low
12928,204,8,313.1433088,21,18.420194635294116,Low,Low
12929,26,5,679.9894161999999,13,84.99867702499999,Low,Low
12931,186,2,25.5890804,2,12.7945402,Low,Low
12935,77,2,8880.975787200001,49,328.9250291555556,High,High
12939,146,2,225.4064776,18,37.56774626666667,Low,Low
12942,265,7,791.0028215,36,49.43767634375,Low,Low
12944,179,7,1022.0004994,42,73.00003567142856,Medium,Medium
12947,66,25,4403.530075,54,122.3202798611111,High,High
12951,81,6,902.436539,28,45.12182695,Medium,Medium
12956,1,14,2239.2894184999996,35,117.85733781578945,Medium,Medium
12957,153,13,1198.4457198,70,38.6595393483871,Medium,Medium
12963,265,6,924.3425798999999,49,57.771411243749995,Medium,Medium
12967,192,10,1425.2177781999999,23,75.01146201052632,Medium,Medium
12970,89,2,507.96373800000003,52,63.495467250000004,Low,Low
12971,13,31,3837.0981032,150,81.64038517446808,High,High
12980,131,4,1052.4183635,144,175.4030605833333,Medium,Medium
12989,118,2,158.553676,2,79.276838,Low,Low
12990,18,2,409.2797925,4,136.42659749999999,Low,Low
12997,41,7,779.1504047999999,89,43.2861336,Low,Low
13000,252,8,849.5443416999999,12,77.23130379090908,Low,Low
13001,66,23,2086.1948632,137,57.94985731111111,Medium,High
13002,66,5,808.352049,9,115.47886414285713,Low,Low
13004,52,37,4895.6698808,234,67.9954150111111,High,High
13008,95,8,1587.7999329999998,42,105.85332886666666,Medium,Medium
13011,336,3,211.86816720000002,17,70.6227224,Low,Low
13013,332,28,4870.9970459999995,158,72.70144844776118,High,High
13021,202,6,1571.1408673999997,82,196.39260842499996,Medium,Medium
13027,178,4,323.109875,16,53.85164583333333,Low,Low
13029,173,1,14.995495499999999,1,14.995495499999999,Low,Low
13030,292,16,2064.2525538,226,34.40420923,Medium,Medium
13033,188,5,491.38145999999995,12,44.67104181818181,Low,Low
13034,307,4,208.3717872,39,18.942889745454547,Low,Low
13047,14,26,2639.5779979,175,59.99040904318181,Medium,Medium
13048,117,17,2588.7355144,556,64.71838785999999,Medium,Medium
13049,66,3,241.30401539999997,15,34.4720022,Low,Low
13050,5,60,8967.215089899999,298,87.06034067864077,High,High
13064,117,1,180.1796431,11,20.019960344444442,Low,Low
13065,350,7,1384.3123606,27,98.87945432857143,Medium,Medium
13068,82,1,6.9009,1,6.9009,Low,Low
13069,4,68,7381.1179431,266,53.486361906521736,High,High
13077,269,4,1461.1118680000002,148,104.36513342857144,Medium,Medium
13078,52,24,3366.7420832999996,409,62.34707561666666,High,High
13081,123,117,19401.7698386,1137,74.33628290651342,High,High
13082,161,6,968.1277038,9,138.30395768571427,Medium,Medium
13089,21,176,24176.6781384,927,66.05649764590163,High,High
13090,93,9,1276.8883825999999,34,98.22218327692306,Medium,Medium
13092,208,4,252.8655145,8,36.12364492857143,Low,Low
13093,20,65,10341.2010063,612,72.31609095314685,High,High
13094,154,4,375.2411944,26,75.04823888,Low,Low
13097,159,18,2944.521127,280,56.62540628846154,High,High
13098,59,14,2035.5740336,25,96.93209683809523,Medium,Medium
13102,8,54,7573.6520697999995,169,81.43711903010752,High,High
13104,179,1,113.2071,1,113.2071,Low,Low
13107,119,10,2355.4075714,149,102.40902484347826,Medium,Medium
13108,348,3,516.3426271999999,253,51.634262719999995,Low,Low
13110,22,8,798.6832657999998,52,39.934163289999994,Low,Medium
13113,8,29,18610.5954201,2494,300.1708938725806,High,High
13115,153,2,218.8026544,9,109.4013272,Low,Low
13117,76,12,2065.9129513,89,60.762145626470584,Medium,Medium
13124,205,30,3455.1094983999997,76,56.641139318032785,High,High
13126,137,18,2070.2771009999997,73,64.69615940624999,Medium,Medium
13136,257,3,215.3510676,3,71.7836892,Low,Low
13137,10,33,5592.8470621999995,78,116.51764712916666,High,High
13138,340,7,1414.4231781999997,21,101.0302270142857,Medium,Medium
13140,269,4,693.0424666,36,43.3151541625,Low,Low
13141,22,16,2861.6802712,112,89.427508475,High,Medium
13144,137,1,43.638065600000004,3,14.546021866666669,Low,Low
13145,336,1,21.376730000000002,1,21.376730000000002,Low,Low
13148,37,78,15469.1499886,186,118.99346145076923,High,High
13155,115,38,4772.097525499999,164,75.74757976984127,High,High
13158,75,16,3129.237219,67,164.69669573684212,High,High
13161,38,2,424.57111519999995,9,53.071389399999994,Low,Low
13162,132,25,2951.2187872,111,73.78046968,High,High
13165,171,5,807.2937077999999,17,62.09951598461537,Low,Low
13168,67,36,4994.487219799999,753,65.71693710263158,High,High
13173,284,15,2714.1205425999997,151,118.00524098260868,Medium,Medium
13174,49,124,18670.0605906,794,77.14901070495867,High,High
13178,221,14,1673.2088104,37,52.287775325,Medium,Medium
13183,147,11,1660.1501072,48,83.00750536000001,Medium,Medium
13187,153,10,1177.9750344000001,117,31.837163091891895,Medium,Medium
13198,69,39,5472.8516383999995,132,71.0759953038961,High,High
13199,19,14,1512.6721584,32,94.5420099,Medium,Medium
13208,12,13,1847.7628593999998,97,71.06780228461538,Medium,Medium
13209,111,10,398.891137,26,18.994816047619047,Low,Low
13211,225,1,61.0349856,2,30.5174928,Low,Low
13221,208,19,1949.4097112999998,136,55.697420322857134,Medium,Medium
13225,159,5,506.3657852,52,42.197148766666665,Low,Low
13230,12,42,9302.3010889,396,109.43883634,High,High
13233,148,8,1143.1327296,21,67.24310174117647,Medium,Medium
13238,215,4,426.2432496,35,85.24864992,Low,Low
13240,262,15,1403.3362022,49,66.82553343809523,Medium,Medium
13246,110,18,2099.6153608,65,52.49038402,Medium,Medium
13253,166,5,504.7684305,122,31.54802690625,Low,Low
13255,361,4,1193.8738043999997,12,198.97896739999996,Medium,Medium
13263,105,18,2034.3125526999997,175,52.16186032564102,Medium,Medium
13266,203,1,45.36717420000001,3,45.36717420000001,Low,Low
13267,131,26,13562.0412636,1141,294.82698399130436,High,High
13269,228,17,2639.3965696,224,94.2641632,Medium,Medium
13270,269,1,77.6711,1,77.6711,Low,Low
13280,47,39,7233.2518064,220,92.73399751794871,High,High
13284,93,6,680.632428,18,48.616602,Low,Low
13295,210,5,602.8560656,71,54.80509687272727,Low,Low
13304,170,3,715.0071924,29,34.047961542857145,Low,Low
13305,346,3,451.68010929999997,7,90.33602185999999,Low,Low
13309,9,22,3261.8514831999996,51,95.93680832941175,High,High
13310,70,12,1684.9544013999998,138,58.10187591034482,Medium,Medium
13313,169,3,471.375903,21,27.727994294117646,Low,Low
13317,202,8,1007.2626243999998,47,71.94733031428571,Medium,Medium
13319,168,42,6193.2413828,277,63.196340640816324,High,High
13324,35,7,2170.8424511999997,103,217.08424511999996,Medium,Medium
13327,257,8,841.6685571999999,28,40.0794551047619,Low,Low
13328,49,10,1989.2618383999998,41,117.01540225882351,Medium,Medium
13329,177,5,465.59872939999997,10,51.73319215555555,Low,Low
13330,45,7,1149.8944735999999,50,88.45342104615384,Medium,Medium
13368,157,1,138.800685,35,138.800685,Low,Low
13369,177,11,1586.8742611999999,25,83.51969795789473,Medium,Medium
13370,268,23,3047.8807768,129,69.27001765454546,High,High
13385,124,15,2878.8278016,199,82.25222290285714,High,High
13394,16,10,953.4101357999999,20,59.588133487499995,Medium,Medium
13396,35,10,2208.9496673999997,26,138.05935421249998,Medium,Medium
13397,167,4,518.2465007999999,10,64.78081259999999,Low,Low
13402,336,9,1363.0737388,57,80.18080816470588,Medium,Medium
13405,66,3,289.9764378,8,48.329406299999995,Low,Low
13408,33,42,7796.6751386999995,1040,99.95737357307692,High,High
13418,207,24,3569.5230684,96,72.84740955918367,High,High
13426,152,12,951.7596876,101,29.7424902375,Medium,Medium
13448,225,22,2433.8567943999997,240,67.60713317777777,Medium,Medium
13451,143,13,1653.9495623999999,53,34.457282549999995,Medium,Medium
13455,119,19,2979.5084964999996,93,82.76412490277777,High,Medium
13458,105,29,3490.0309162999997,198,40.115297888505744,High,High
13468,20,38,7401.919271399999,1153,93.6951806506329,High,High
13473,126,3,501.6166592,83,38.585896861538465,Low,Low
13481,291,1,14.443528,1,14.443528,Low,Low
13487,173,3,344.9787102,14,31.36170092727273,Low,Low
13488,12,76,9561.0420175,719,64.16806723154362,High,High
13491,20,22,3843.5304290999998,144,91.5126292642857,High,High
13494,26,10,895.0315013,24,49.723972294444444,Medium,Medium
13495,210,12,1545.0696189999999,40,59.42575457692307,Medium,Medium
13496,194,11,1207.0444264,142,44.70534912592593,Medium,Medium
13497,301,8,730.6565707999999,24,73.06565708,Low,Low
13502,97,1,105.48939539999999,13,26.372348849999998,Low,Low
13506,30,21,3263.8854302,106,112.54777345517242,High,High
13520,101,20,2875.8096266,69,92.76805247096773,High,High
13523,270,12,1605.6962439,36,53.52320812999999,Medium,Medium
13527,115,1,59.416966599999995,6,11.88339332,Low,Low
13531,269,4,6009.2069892,199,400.61379928,High,High
13534,48,23,3381.2410339,246,65.02386603653846,High,High
13538,45,1,32.0813008,3,10.693766933333334,Low,Low
13539,13,8,907.3022782999999,12,82.48202529999999,Medium,Low
13551,77,3,961.6108578,5,240.40271445,Medium,Medium
13552,45,3,278.7344816,40,34.8418102,Low,Low
13564,174,40,6723.5027769,205,81.99393630365853,High,High
13565,143,8,844.7166408,15,64.97820313846154,Low,Low
13569,286,10,1495.2398993,134,62.30166247083333,Medium,Medium
13576,18,15,1877.4548989999998,226,55.21926173529411,Medium,Medium
13579,305,5,395.93628939999996,9,43.992921044444444,Low,Low
13581,13,5,704.4829027,15,70.44829027,Low,Low
13584,3,16,2168.0277137,35,90.33448807083333,Medium,Medium
13593,147,12,2358.122296,171,60.464674256410255,Medium,Medium
13599,119,17,1569.4113026999999,32,52.313710089999994,Medium,Medium
13600,30,13,2070.5563439,23,108.97664967894735,Medium,Medium
13606,26,3,273.2385321,4,91.0795107,Low,Low
13611,212,4,874.0194840999999,133,58.26796560666666,Low,Low
13614,126,6,512.2151576,31,56.91279528888889,Low,Low
13615,35,12,1882.7455516,232,78.44773131666666,Medium,Medium
13627,190,14,1440.6707749999998,62,72.03353874999999,Medium,Medium
13629,22,5,826.0755558999999,14,103.25944448749999,Low,Low
13634,117,9,981.7519459,208,25.83557752368421,Medium,Medium
13649,269,6,675.0078331,59,45.000522206666666,Low,Low
13652,303,5,398.76626799999997,20,22.153681555555554,Low,Low
13656,154,9,2070.2083926,68,66.78091589032258,Medium,Medium
13659,86,32,4163.5798369,113,67.1545134983871,High,High
13668,13,31,3818.4490054,113,62.59752467868852,High,High
13672,135,3,223.1270816,8,37.18784693333333,Low,Low
13680,152,44,5908.4411792,299,64.92792504615385,High,High
13693,105,1,51.484097799999994,10,12.871024449999998,Low,Low
13694,12,37,4972.4084753,152,47.81161995480769,High,High
13700,117,14,1105.2406575,110,42.509256057692305,Medium,Medium
13703,70,1,234.4042,2,234.4042,Low,Low
13705,363,7,1216.1006605999999,16,121.61006605999998,Medium,Medium
13707,42,23,3541.8345584,272,110.68232995,High,High
13709,41,19,2306.7872256,471,74.4124911483871,Medium,High
13715,153,48,6819.7486412,272,68.197486412,High,High
13725,9,30,3584.9685371999994,50,87.43825700487804,High,High
13728,20,5,732.9605260999999,19,81.44005845555554,Low,Low
13742,82,42,8278.7490466,500,86.23696923541667,High,High
13747,363,1,144.97733899999997,1,144.97733899999997,Low,Low
13748,365,1,7.6180088,1,7.6180088,Low,Low
13750,152,1,8.2360176,1,8.2360176,Low,Low
13754,59,5,829.8209631999999,89,103.72762039999999,Low,Low
13756,202,8,1284.2872581999998,46,80.26795363749999,Medium,Medium
13758,146,18,2066.871239,60,62.63246178787879,Medium,Medium
13764,155,29,4018.9940874,98,58.24629112173913,High,High
13767,138,37,5562.962527299999,206,76.20496612739726,High,High
13769,88,21,2661.7726817,100,83.180396303125,Medium,Medium
13777,19,47,5957.6635656,80,88.92035172537314,High,High
13782,118,22,2538.7677716999997,80,70.52132699166665,Medium,Medium
13784,24,4,246.58617279999999,6,41.097695466666664,Low,Low
13786,284,2,479.65240769999997,29,68.52177252857142,Low,Low
13787,245,5,331.98901920000003,8,47.42700274285715,Low,Low
13798,82,67,9450.9544535,348,76.83702807723577,High,High
13800,14,23,2532.1551987999997,60,76.73197572121211,Medium,Medium
13802,26,11,1040.6123344,48,47.30056065454546,Medium,Medium
13807,281,4,938.4770747999999,12,134.06815354285712,Medium,Medium
13815,71,31,7700.916615599999,85,145.3003135018868,High,High
13817,171,2,165.3683364,10,18.374259600000002,Low,Low
13819,13,15,2761.0701854,150,115.04459105833332,High,High
13824,19,9,668.6301847999999,12,60.78456225454545,Low,Low
13829,203,1,17.9144074,1,17.9144074,Low,Low
13831,319,2,264.4534256,3,132.2267128,Low,Low
13837,63,5,1048.7489544,120,116.5276616,Medium,Medium
13838,324,35,5537.3024432,185,106.48658544615385,High,High
13842,13,18,5974.595055399999,562,108.6290010072727,High,High
13846,213,8,1062.6093978,210,37.95033563571428,Medium,Medium
13848,269,1,128.118065,15,128.118065,Low,Low
13854,22,24,2604.0096324,144,78.9093828,Medium,Medium
13859,109,16,1865.0249124999998,72,66.60803258928571,Medium,Medium
13862,119,18,2925.2726623999997,84,100.87147111724137,High,High
13869,35,40,10011.117662999999,729,141.0016572253521,High,High
13871,12,16,2505.1055826999996,33,108.91763403043477,Medium,Medium
13873,17,3,306.9848828,7,43.854983257142855,Low,Low
13874,193,10,781.5047940999999,81,43.41693300555555,Low,Medium
13880,284,5,914.47003,27,152.41167166666665,Medium,Medium
13881,28,7,1514.4558955999996,25,116.49660735384613,Medium,Medium
13883,109,1,30.5441,10,30.5441,Low,Low
13890,59,8,1234.3035068,141,102.85862556666666,Medium,Medium
13894,19,6,602.4949918,11,60.24949918,Low,Low
13898,108,2,295.42844859999997,122,24.619037383333332,Low,Low
13901,75,8,702.8145711999999,22,63.89223374545454,Low,Low
13911,5,14,2337.0356715999997,131,93.48142686399999,Medium,Medium
13922,171,3,347.6068622,27,49.65812317142858,Low,Low
13929,88,2,1882.0439454,157,627.3479818,Medium,Medium
13939,20,10,1081.8760516999998,14,83.22123474615384,Medium,Medium
13941,326,9,889.8490947999999,17,74.15409123333332,Medium,Medium
13948,224,2,132.4111008,3,44.1370336,Low,Low
13953,172,1,12.491664,1,12.491664,Low,Low
13958,337,4,450.9410229999999,5,90.18820459999998,Low,Low
13959,236,7,903.1175632,30,56.4448477,Medium,Low
13963,6,16,4405.872339199999,371,125.8820668342857,High,High
13969,89,18,3121.8326742,251,70.95074259545454,High,High
13982,112,30,3679.7754548,180,70.7649125923077,High,High
13983,110,18,7882.571026799999,561,157.651420536,High,High
13984,105,4,143.603315,11,15.95592388888889,Low,Low
13993,127,3,482.8863152,25,26.827017511111112,Low,Low
13999,90,20,2827.2728662,45,88.35227706875,High,High
14001,357,6,1070.536872,63,118.94854133333332,Medium,Medium
14006,30,4,532.7313967999999,12,76.10448525714284,Low,Low
14016,188,16,1356.1723739,53,34.77365061282051,Medium,Medium
14030,266,17,4572.0127192,322,169.3338044148148,High,High
14031,98,21,3072.148553,160,60.238206921568626,High,High
14032,171,19,3294.3263804,239,102.9476993875,High,High
14037,249,16,1448.5297434,71,55.712682438461535,Medium,Medium
14040,40,38,7161.4763632,333,106.88770691343284,High,High
14044,15,45,5613.551701099999,72,102.06457638363635,High,High
14045,159,4,148.3427882,8,29.66855764,Low,Low
14047,153,4,348.9868646,97,23.26579097333333,Low,Low
14049,64,57,10830.2529964,271,94.17611301217391,High,High
14051,41,24,3458.6794053999997,77,84.35803427804878,High,High
14057,215,23,2955.6713007999997,132,61.576485433333325,High,High
14060,65,25,3765.9921504999998,346,94.1498037625,High,High
14062,95,33,4387.8929608,232,99.72484001818181,High,High
14068,82,10,2105.6102663,254,87.73376109583334,Medium,Medium
14078,357,3,2428.7010864,140,186.8231604923077,Medium,Medium
14081,305,24,4438.507879899999,262,64.326201157971,High,High
14082,251,19,2366.2851572,30,81.59603990344827,Medium,Medium
14083,175,44,6737.5370958,664,70.92144311368422,High,High
14085,14,73,10185.3910552,691,59.56369038128655,High,High
14088,90,51,9360.7365697,358,100.65308139462365,High,High
14090,103,1,15.256631999999998,1,15.256631999999998,Low,Low
14092,89,26,2802.2972151,194,45.93929860819672,High,High
14099,119,34,5710.157887699999,383,96.782337079661,High,High
14101,112,1,104.9352022,4,34.97840073333334,Low,Low
14107,178,9,1114.6788217,48,65.56934245294119,Medium,Medium
14113,27,7,586.8770832,43,83.83958331428572,Low,Medium
14114,127,5,1004.0435051999999,15,91.27668229090908,Medium,Medium
14119,177,1,19.695607799999998,1,19.695607799999998,Low,Low
14127,20,13,1587.2057677999996,27,79.36028838999998,Medium,Medium
14130,76,41,10308.8551574,180,153.86350981194028,High,High
14133,14,11,1744.3333505,46,102.60784414705883,Medium,Medium
14135,114,36,4796.3978329,199,68.51996904142857,High,High
14142,351,21,3403.6450603999992,40,154.71113910909088,High,High
14146,46,31,8157.560296399999,579,116.53657566285713,High,High
14150,212,6,584.0800737999999,13,48.67333948333333,Low,Low
14156,14,43,6681.2655460999995,112,77.68913425697674,High,High
14159,242,22,2226.0362328,134,43.647769270588235,Medium,Medium
14161,312,13,2322.2286672,89,89.3164872,Medium,Medium
14167,129,7,1206.4991616,175,67.0277312,Medium,Medium
14175,88,7,1683.2424138000001,64,80.15440065714286,Medium,Medium
14176,114,8,423.9290634,15,30.280647385714285,Low,Low
14180,16,41,19733.7165828,1669,224.24677935,High,High
14185,130,1,96.86169600000001,12,32.287232,Low,Low
14188,19,8,1021.3063464999998,57,85.10886220833332,Medium,Medium
14189,67,26,4861.5613808,357,103.43747618723404,High,High
14194,5,20,3212.9547327999994,52,107.09849109333331,High,High
14201,207,3,249.59737199999998,6,62.399342999999995,Low,Low
14205,259,9,1452.7553371,61,103.76823836428571,Medium,Medium
14206,224,1,244.6384,2,244.6384,Low,Low
14209,135,8,1949.8275552,332,121.8642222,Medium,Medium
14210,167,17,3149.071507,53,85.11004072972973,High,High
14213,335,2,90.65528560000001,5,18.13105712,Low,Low
14215,41,30,3027.1445347999997,244,58.21431797692307,High,High
14217,23,11,843.2321532,48,38.32873423636364,Low,Low
14220,193,9,730.5209666,12,66.41099696363636,Low,Low
14221,166,10,2159.512405,266,119.97291138888889,Medium,Medium
14224,83,22,3682.7392965,113,92.0684824125,High,High
14229,42,12,1545.7888679999999,37,67.2082116521739,Medium,Medium
14233,21,12,1783.4737492999998,44,118.89824995333332,Medium,Medium
14236,335,3,249.99150299999997,23,83.33050099999998,Low,Low
14237,357,6,846.5291933999999,22,94.05879926666665,Low,Low
14238,111,5,764.9109876,29,95.61387345,Low,Low
14239,50,3,434.8334192,139,48.31482435555555,Low,Low
14242,109,5,709.9970923999999,10,88.74963654999999,Low,Low
14243,62,14,3421.0124173,131,85.52531043249999,High,Medium
14248,66,1,231.47967,16,28.93495875,Low,Low
14256,249,15,2867.1515502999996,77,89.59848594687499,High,Medium
14257,74,18,3776.2654415999996,116,96.8273190153846,High,High
14258,158,10,1208.8584393,78,38.995433525806455,Medium,Medium
14264,336,1,28.3324738,2,14.1662369,Low,Low
14270,132,11,1620.6125688,174,55.883192027586205,Medium,Medium
14282,286,8,881.5004852,53,67.80772963076923,Low,Low
14290,50,12,2994.8424732,395,119.793698928,High,High
14292,109,3,425.26767199999995,7,141.75589066666666,Low,Low
14293,303,5,736.5356069999999,40,49.102373799999995,Low,Low
14295,136,2,191.75936,6,95.87968,Low,Low
14298,33,99,15010.1758571,801,62.28288737385892,High,High
14299,51,20,2974.9816038,129,87.49945893529411,High,High
14307,100,36,7386.054125499999,394,93.49435601898733,High,High
14309,17,7,710.0575893,39,32.27534496818182,Low,Low
14312,20,9,2853.145938,551,124.04982339130436,High,High
14320,92,17,2563.7486142,44,75.40437100588235,Medium,Medium
14321,140,16,2021.8884495999998,157,69.72029136551724,Medium,Medium
14329,121,31,3754.5103723999996,158,49.401452268421046,High,High
14334,80,17,3009.3150013,135,71.65035717380952,High,High
14341,59,12,1663.7648706,135,69.323536275,Medium,Medium
14344,193,13,1430.7827034,29,102.19876452857143,Medium,Medium
14355,263,8,1278.0638826,100,116.18762569090909,Medium,Medium
14368,81,8,1468.5120399999998,9,183.56400499999998,Medium,Medium
14373,195,1,128.1090596,4,32.0272649,Low,Low
14388,267,10,1636.4679615999999,250,71.15078093913043,Medium,Medium
14389,70,1,621.5722038,166,103.5953673,Low,Low
14390,346,21,3351.3728635999996,39,119.69188798571427,High,High
14395,143,34,3662.2326851999997,116,58.130677542857136,High,High
14396,327,24,3972.43536,341,116.83633411764706,High,High
14401,41,12,1472.3725710999997,39,73.61862855499999,Medium,Medium
14404,117,23,2661.3697358,62,57.85586382173913,Medium,Medium
14409,74,11,2108.368074,26,150.59771957142857,Medium,Medium
14410,1,6,828.9200956999999,11,103.61501196249999,Low,Low
14411,21,8,513.3208714,14,36.66577652857143,Low,Low
14413,237,5,2121.8726136,107,92.25533102608696,Medium,Medium
14414,201,4,215.6307598,9,26.953844975,Low,Low
14415,105,45,9138.0864952,384,78.10330337777778,High,High
14419,251,8,1483.9586199,47,70.66469618571429,Medium,Medium
14426,35,24,3269.548746,69,69.5648669361702,High,High
14428,105,8,970.8949518999999,32,40.453956329166665,Medium,Medium
14437,265,2,182.05443459999998,5,36.410886919999996,Low,Low
14438,1,5,410.6870111999999,29,45.63189013333332,Low,Low
14439,80,17,2750.772136,99,85.96162925,Medium,Medium
14440,56,15,4536.5896983,280,146.34160317096774,High,High
14441,90,2,47.692959,3,23.8464795,Low,Low
14442,29,20,3454.2734467,251,107.946045209375,High,High
14443,18,16,2023.6585819999998,156,48.182347190476186,Medium,Medium
14448,244,8,657.4287864,43,36.52382146666667,Low,Low
14449,341,28,6577.7367451,406,131.554734902,High,High
14450,87,3,889.9343374,44,80.90312158181818,Medium,Medium
14457,21,1,1212.6164379999998,106,303.15410949999995,Medium,Medium
14460,20,2,317.32954199999995,3,158.66477099999997,Low,Low
14462,7,39,6198.857663399999,83,105.06538412542372,High,High
14466,11,11,1695.0127939999998,23,99.70663494117646,Medium,Medium
14467,33,9,2247.3642672,193,149.82428448000002,Medium,Medium
14472,146,28,5480.9847891,835,78.29978270142857,High,High
14479,262,5,378.47692520000004,50,37.84769252,Low,Low
14487,294,11,1347.2270726,124,96.23050518571428,Medium,Medium
14491,345,3,505.90042099999994,60,126.47510524999998,Low,Low
14496,28,3,626.1223710999999,29,32.95380900526315,Low,Low
14497,13,19,2151.2950706999995,154,74.18258864482758,Medium,Medium
14498,232,6,637.0391144,18,45.50279388571429,Low,Low
14501,81,4,908.3114999999999,5,227.07787499999998,Medium,Medium
14502,31,21,4139.896179,57,91.99769286666667,High,High
14505,150,94,10142.1707748,511,55.42169822295082,High,High
14506,308,30,5553.5932428,134,111.07186485599999,High,High
14514,129,10,1116.0614472,72,42.92544027692308,Medium,Medium
14524,223,7,877.853098,35,33.76358069230769,Low,Low
14525,112,18,1760.8355516,32,65.21613154074073,Medium,Medium
14527,33,84,14742.4343976,955,74.08258491256281,High,High
14532,40,11,1641.0085044,53,71.34819584347827,Medium,Medium
14533,172,6,1233.7560998,20,123.37560998,Medium,Medium
14534,70,22,4819.6789757999995,85,166.19582675172413,High,High
14540,13,10,1084.8683698999998,13,98.62439726363635,Medium,Medium
14541,48,42,11412.0929072,1069,152.16123876266667,High,High
14543,73,10,2472.1325988999997,22,224.73932717272726,Medium,Medium
14544,231,26,4408.9179788,510,77.34943822456141,High,High
14548,66,2,294.88510379999997,3,147.44255189999998,Low,Low
14549,24,29,5326.7961639,445,95.12136006964285,High,High
14553,166,6,817.6578221999999,30,35.550340095652174,Low,Low
14560,11,13,1685.9047259,28,76.63203299545454,Medium,Medium
14565,230,17,1782.6562136,110,33.012152103703706,Medium,Medium
14572,97,43,4140.3508144,109,71.38535886896551,High,High
14573,335,36,7111.084268199999,625,93.56689826578946,High,High
14576,336,1,60.4439246,1,60.4439246,Low,Low
14577,242,19,2243.8354547999998,70,59.048301442105256,Medium,Medium
14587,25,57,8494.0075614,441,71.98311492711865,High,High
14589,333,1,256.23146399999996,35,85.41048799999999,Low,Low
14594,355,25,4432.871195,61,142.995845,High,High
14595,39,5,644.6110256,7,128.92220512,Low,Low
14600,1,2,534.2732759999999,9,267.13663799999995,Low,Low
14606,1,289,51385.057806699995,3127,89.36531792469565,High,High
14608,235,1,10.480049600000001,1,10.480049600000001,Low,Low
14616,62,1,113.2071,1,113.2071,Low,Low
14618,158,3,530.1181355,40,88.35302258333333,Low,Low
14621,199,11,2449.3453971999998,1014,153.08408732499998,Medium,Medium
14625,227,12,2492.0965327999997,119,69.22490368888889,Medium,Medium
14627,27,4,468.57654649999984,7,93.71530929999997,Low,Low
14639,195,22,2652.3284638,53,63.15067770952381,Medium,Medium
14643,173,10,936.948769,69,52.052709388888886,Medium,Medium
14646,91,114,19547.489943599998,781,67.40513773655172,High,High
14653,162,17,2308.4763622,176,79.60263317931035,Medium,Medium
14657,110,33,4642.3533548,251,74.87666701290321,High,High
14659,43,21,4925.5613328,116,98.511226656,High,High
14662,47,18,3540.8642231999997,120,147.5360093,High,High
14665,21,12,3953.4558075,403,152.05599259615386,High,High
14667,111,71,24560.4156945,1573,146.1929505625,High,High
14669,135,43,5857.7635896,146,53.25239626909091,High,High
14672,148,16,2029.376544,168,59.6875454117647,Medium,Medium
14673,286,7,1243.1742457999999,28,82.87828305333332,Medium,Medium
14679,335,1,144.97733899999997,1,144.97733899999997,Low,Low
14680,71,38,7117.278403,577,79.96942025842696,High,High
14684,238,24,2830.7540764,265,64.33531991818182,High,High
14688,33,38,6453.1578789,124,111.26134273965516,High,High
14692,79,18,4848.6586668,48,173.16638095714285,High,High
14696,108,26,3132.1425830999997,96,89.48978808857142,High,High
14701,53,38,6856.477118399999,277,120.28907225263157,High,High
14702,46,41,7334.4564906,308,80.59842297362637,High,High
14708,222,8,2437.6223812999997,67,187.5094139461538,Medium,Medium
14709,41,17,2386.4131382,103,64.49765238378379,Medium,Medium
14713,93,49,6368.5110746,219,79.6063884325,High,High
14715,130,7,461.10024880000003,13,35.46924990769231,Low,Low
14723,192,41,6206.384015,297,68.95982238888888,High,High
14729,358,42,7808.980376099999,352,109.98563909999999,High,High
14732,167,5,317.7395664,10,31.77395664,Low,Low
14733,59,72,9702.4045479,617,72.40600408880597,High,High
14735,18,19,2507.3377133999998,209,75.97993070909091,Medium,Medium
14737,173,2,253.7671762,21,31.720897025,Low,Low
14738,51,9,1749.3799712,17,159.03454283636364,Medium,Medium
14739,162,11,864.8840736,29,48.049115199999996,Low,Low
14741,232,8,1375.8597068,33,72.41366877894737,Medium,Medium
14744,29,9,1548.2079823999998,136,110.58628445714284,Medium,Medium
14748,131,19,1313.9560889,210,37.54160254,Medium,Medium
14755,144,18,2334.4442048,40,86.46089647407408,Medium,Medium
14761,145,3,794.8219824,116,113.5459974857143,Low,Low
14766,258,5,743.0694523999999,10,92.88368154999999,Low,Low
14769,103,33,3989.0392789999996,80,67.61083523728813,High,High
14770,94,9,1076.0596913,139,63.2976289,Medium,Medium
14775,337,9,1443.0548391999998,43,72.15274195999999,Medium,Medium
14776,33,19,2500.7435584,31,113.67016174545455,Medium,Medium
14777,195,1,60.16226279999999,2,30.081131399999997,Low,Low
14778,11,15,2086.2671152999997,72,115.90372862777775,Medium,Medium
14779,90,20,6495.4809491999995,643,185.58516997714284,High,High
14782,80,3,469.15221239999994,11,78.1920354,Low,Low
14784,97,3,194.13072999999997,12,48.53268249999999,Low,Low
14794,142,5,673.3421312,13,74.81579235555556,Low,Low
14796,81,80,13222.677288699999,646,92.46627474615384,High,High
14798,18,5,859.4529904999999,8,143.24216508333333,Low,Low
14800,146,73,9741.8235512,404,66.7248188438356,High,High
14805,40,15,2572.55692,56,135.39773263157895,Medium,Medium
14810,4,24,5925.7733464,279,107.74133357090909,High,High
14813,320,25,2402.98974,42,80.099658,Medium,High
14821,280,1,263.1499,3,131.57495,Low,Low
14825,201,11,1523.9500884,225,84.6638938,Medium,Medium
14828,152,3,297.39899679999996,5,59.479799359999994,Low,Low
14829,203,19,4243.518830999999,47,146.3282355517241,High,High
14841,202,11,1724.4079884999999,24,90.75831518421052,Medium,Medium
14842,5,2,126.77642799999998,2,63.38821399999999,Low,Low
14849,59,31,4866.6381593999995,219,93.58919537307692,High,High
14850,26,12,1190.8309316999998,30,54.128678713636354,Medium,Medium
14865,336,1,47.74657379999999,3,15.915524599999998,Low,Low
14866,269,1,20.1778355,1,20.1778355,Low,Low
14867,147,8,842.8391546,38,52.6774471625,Low,Low
14871,221,8,817.9119536000001,35,32.716478144,Low,Low
14878,200,6,790.1146706,16,60.77805158461538,Low,Low
14889,148,7,478.04886079999994,19,47.804886079999996,Low,Low
14895,93,1,70.43195999999999,30,23.477319999999995,Low,Low
14896,262,19,3237.0358601999997,66,101.15737063124999,High,High
14898,111,9,1398.275175,52,116.52293125,Medium,Medium
14901,222,25,4188.8204129,100,104.72051032249999,High,High
14907,222,20,4072.0616107999995,261,84.83461689166666,High,High
14911,11,276,47406.495734699995,2232,90.64339528623326,High,High
14913,206,7,849.9748198,30,49.998518811764704,Low,Low
14916,99,7,1678.8027617999996,20,111.92018411999997,Medium,Medium
14932,263,3,762.1949749,53,44.834998523529414,Low,Low
14944,172,1,40.24352759999999,2,40.24352759999999,Low,Low
14952,247,7,511.9515479,15,51.19515479,Low,Low
14961,153,18,2891.2832976,71,70.5191048195122,High,High
14970,53,4,1263.7248016,113,252.74496032000002,Medium,Medium
14976,115,10,770.0140412999999,36,48.125877581249995,Low,Medium
14978,62,29,4405.2616988,119,59.530563497297294,High,High
14985,191,32,3594.9615327999995,63,71.89923065599999,High,High
14987,263,1,295.5876908,26,147.7938454,Low,Low
15002,165,23,2957.7443279999998,157,52.816863,High,High
15005,19,70,9427.7640651,812,64.57372647328768,High,High
15012,357,30,5676.592069599999,184,105.12207536296295,High,High
15018,287,1,260.5056728,26,52.101134560000006,Low,Low
15021,277,19,3110.9888115,538,54.57875107894736,High,High
15023,105,41,7232.9986897,338,68.88570180666666,High,High
15024,280,19,3759.384491,656,78.32051022916666,High,High
15028,297,7,781.002644,57,55.785903142857144,Low,Low
15032,271,18,1964.5307179999998,191,65.48435726666666,Medium,Medium
15033,122,14,3386.933172,193,52.9208308125,High,Medium
15034,160,35,5882.113597799999,314,71.73309265609755,High,High
15038,323,23,2189.714284,69,62.56326525714286,Medium,Medium
15039,27,148,24996.7274058,1665,79.35469017714286,High,High
15044,138,52,7604.6919406,594,56.75143239253731,High,High
15046,20,21,3527.2830151999997,114,71.98536765714285,High,High
15048,300,5,1474.6438600999998,65,64.11495043913042,Medium,Medium
15052,76,19,2962.6150258,67,98.75383419333333,High,High
15057,46,17,2498.01224,67,113.54601090909091,Medium,Medium
15058,29,33,4581.098630699999,96,75.09997755245901,High,High
15059,87,16,2171.2425021999998,44,72.37475007333333,Medium,Medium
15061,66,80,15219.9896256,782,89.52935073882352,High,High
15062,204,7,350.943699,11,31.903972636363633,Low,Low
15070,347,1,508.27505140000005,103,508.27505140000005,Low,Low
15078,77,30,5198.9120395,165,92.83771499107142,High,High
15079,42,17,3700.8335767999997,39,137.06791025185183,High,High
15081,281,4,426.025799,10,53.253224875,Low,Low
15090,6,15,1936.0106860999997,32,84.17437765652173,Medium,Medium
15093,162,17,3634.6303717999995,114,93.19565055897435,High,High
15100,124,6,827.9104423999999,15,137.9850737333333,Low,Low
15101,153,4,215.95468259999998,7,43.190936519999994,Low,Low
15107,23,12,1503.7827558,80,75.18913778999999,Medium,Medium
15110,73,9,1694.2392014,719,188.24880015555556,Medium,Medium
15111,346,9,2635.484998,777,164.717812375,Medium,Medium
15139,151,4,267.758832,9,33.469854,Low,Low
15144,33,10,3644.4724463999996,782,191.81433928421052,High,High
15157,187,24,2365.9053037,124,42.248308994642855,Medium,Medium
15159,44,51,6743.0885522,113,84.28860690249999,High,High
15160,188,3,309.38800499999996,5,77.34700124999999,Low,Low
15164,167,5,436.2781263,24,27.26738289375,Low,Low
15165,355,12,2139.4568572,74,79.23914285925925,Medium,Medium
15167,85,14,2510.9299218,51,61.24219321463415,Medium,Medium
15171,101,3,116.2474052,9,16.60677217142857,Low,Low
15174,93,1,412.0971416,154,37.46337650909091,Low,Low
15179,77,26,3594.094029,104,79.86875619999999,High,High
15180,283,6,448.2913068,6,74.71521779999999,Low,Low
15181,222,2,63.3552734,2,31.6776367,Low,Low
15189,33,7,1202.5564036,81,120.25564036,Medium,Medium
15192,257,9,958.6006831999999,176,63.90671221333333,Medium,Medium
15194,30,55,19205.2580923,2020,168.4671762482456,High,High
15197,132,3,62.4681182,4,15.61702955,Low,Low
15199,6,1,118.7795762,3,39.59319206666667,Low,Low
15203,25,6,230.27895279999998,39,11.51394764,Low,Low
15204,188,7,280.7318218,11,31.192424644444444,Low,Low
15208,173,1,85.53867300000002,3,28.512891000000007,Low,Low
15211,256,8,1154.8039165,117,50.20886593478261,Medium,Medium
15213,71,9,655.8390524,28,26.233562096,Low,Low
15215,59,2,218.5404992,4,109.2702496,Low,Low
15218,73,15,2455.0785872,253,87.68137811428572,Medium,Medium
15221,271,5,325.8439966,11,29.62218150909091,Low,Low
15222,76,5,868.4311499999999,7,173.68622999999997,Low,Low
15224,195,9,338.3980134,29,21.1498758375,Low,Low
15226,20,7,639.6783951999998,10,79.95979939999998,Low,Low
15227,59,5,951.2162352,17,59.4510147,Medium,Medium
15235,13,34,6807.6790666,557,77.35998939318182,High,High
15240,28,11,1761.5192171999997,25,103.61877748235293,Medium,Medium
15246,202,6,259.1347315,24,21.594560958333332,Low,Low
15260,346,9,1591.112027,22,93.59482511764705,Medium,Medium
15262,96,9,1384.9583567999998,19,138.49583567999997,Medium,Medium
15266,162,4,614.209716,7,102.368286,Low,Low
15270,19,8,678.4595383,25,37.69219657222222,Low,Low
15271,159,16,3800.0239843,264,95.00059960749999,High,Medium
15279,179,7,1678.0190406,74,79.9056686,Medium,Medium
15281,88,27,3406.3569522,248,61.933762767272725,High,High
15288,259,10,2368.570601,122,91.09886926923076,Medium,Medium
15290,119,7,531.6663786,23,27.98244097894737,Low,Low
15291,79,13,910.2577468,93,26.007364194285714,Medium,Medium
15296,113,30,5424.666039,211,88.92895145901639,High,High
15298,103,17,2032.6194595999998,182,52.118447682051276,Medium,Medium
15299,337,1,321.8934273,56,107.2978091,Low,Low
15301,300,17,3203.2694531999996,187,94.21380744705881,High,High
15304,301,3,209.0604134,5,41.812082679999996,Low,Low
15311,13,291,68650.011373,4211,116.95061562691653,High,High
15312,178,5,646.4204717,27,38.02473362941176,Low,Low
15316,114,1,36.85544,1,36.85544,Low,Low
15326,140,10,1542.0999088,40,53.175858924137934,Medium,Medium
15329,257,1,96.3683415,22,32.1227805,Low,Low
15332,270,17,2383.9788648,231,68.11368185142857,Medium,Medium
15339,70,32,5052.5073806,70,123.23188733170731,High,High
15346,137,7,680.8740928000001,29,40.05141722352942,Low,Low
15347,269,2,97.0469758,5,19.40939516,Low,Low
15350,356,3,538.8393573999999,5,107.76787147999998,Low,Low
15351,321,24,17267.627724,2160,325.80429667924534,High,High
15353,287,4,763.0857496,20,63.59047913333333,Low,Low
15356,222,58,8371.2936331,701,72.79385767913044,High,High
15358,29,69,9946.3603155,283,81.52754356967213,High,High
15361,234,5,428.55575039999997,7,61.22225005714285,Low,Low
15363,344,2,1061.5630442000001,25,66.34769026250001,Medium,Medium
15365,42,9,1738.8455248,16,144.90379373333334,Medium,Medium
15366,195,6,975.6455825999999,45,121.95569782499999,Medium,Medium
15370,137,2,101.81516640000001,8,12.726895800000001,Low,Low
15373,63,16,2168.7473674999997,229,90.36447364583331,Medium,Medium
15379,95,62,9388.7052116,477,68.03409573623188,High,High
15380,257,1,299.1549186,7,299.1549186,Low,Low
15384,210,13,1384.458784,167,62.929944727272726,Medium,Medium
15392,194,10,1247.4516430999997,35,62.37258215499999,Medium,Medium
15394,199,15,2161.3484832999998,48,90.05618680416666,Medium,Medium
15395,108,6,838.7283448,11,119.81833497142857,Low,Low
15415,37,38,6238.3279391999995,61,129.9651654,High,High
15421,19,2,504.5690042,38,31.5355627625,Low,Low
15422,93,4,277.3940004,6,46.232333399999995,Low,Low
15426,292,33,6082.55872,440,69.91446804597702,High,High
15443,85,24,3197.1195882,68,62.68861937647059,High,High
15447,127,5,561.2816056,44,62.36462284444445,Low,Low
15448,35,21,4298.1393327999995,54,153.50497617142855,High,High
15454,236,11,1504.6871248,113,60.187484992,Medium,Medium
15456,204,12,1160.3624424,30,44.629324707692305,Medium,Medium
15460,174,33,6197.9837050999995,274,106.86178801896551,High,High
15464,160,68,12940.383362199998,839,82.42282396305731,High,High
15465,88,11,1324.8336298,88,63.0873157047619,Medium,Medium
15468,223,1,8.394392,1,8.394392,Low,Low
15482,202,5,294.6338214,63,36.829227675,Low,Low
15485,147,12,2340.7982225,330,54.43716796511628,Medium,Medium
15497,35,9,1553.4196333999998,14,141.21996667272725,Medium,Medium
15498,79,85,9914.259869,511,60.823680177914106,High,High
15502,291,22,3709.1028419,395,92.72757104749999,High,High
15503,243,39,3427.5165792,397,48.96452256,High,High
15510,126,1,31.8496336,1,31.8496336,Low,Low
15512,209,4,144.5117808,12,24.0852968,Low,Low
15513,54,18,4436.926579,386,96.45492563043479,High,High
15514,221,52,6211.1006081,526,54.96549210707964,High,High
15518,70,28,4050.542603,152,60.45585974626866,High,High
15525,357,36,7508.217418799999,417,131.7231126105263,High,High
15527,44,17,2532.0534402,41,93.77975704444444,Medium,Medium
15529,96,42,6525.940084899999,330,85.86763269605262,High,High
15532,194,29,4685.916607499999,92,93.71833214999998,High,High
15535,118,30,3064.9195191999997,63,74.75413461463414,High,High
15544,344,15,2012.9101917999997,35,77.41962276153845,Medium,Medium
15545,325,12,3068.7377008,92,98.99153873548387,High,Medium
15547,43,48,6997.2961656,357,77.74773517333333,High,High
15549,40,33,7846.283216,260,126.55295509677418,High,High
15555,231,49,5838.276126199999,240,60.815376314583325,High,High
15562,171,1,77.1711,1,77.1711,Low,Low
15563,201,6,1162.0761215999999,26,52.821641890909085,Medium,Low
15569,135,1,250.77720800000003,50,35.825315428571436,Low,Low
15570,122,57,14361.4058331,835,99.73198495208334,High,High
15574,199,64,12212.5462084,491,76.80846671949685,High,High
15579,39,18,3148.33588,35,121.08984153846154,High,High
15581,174,17,2902.8535934,139,59.24191006938776,High,Medium
15587,171,2,598.75818,35,199.58606,Low,Low
15589,21,6,1054.3053278999998,57,87.85877732499999,Medium,Medium
15596,54,18,2829.9071891,242,65.81179509534883,High,Medium
15601,48,88,15809.7165801,1653,100.69883172038216,High,High
15602,31,12,1279.8313776,20,75.28419868235294,Medium,Medium
15605,356,9,2131.06101,21,177.5884175,Medium,Medium
15606,101,4,436.0518108,14,43.60518108,Low,Low
15607,151,6,788.4660944,17,60.65123803076923,Low,Low
15611,146,1,94.9302256,3,31.643408533333332,Low,Low
15615,124,20,3670.3654824,403,73.407309648,High,High
15620,196,13,1100.6724532,53,35.50556300645162,Medium,Medium
15626,124,7,837.1069336,30,41.855346680000004,Low,Low
15628,280,14,1628.5096047999998,23,85.71103183157894,Medium,Medium
15640,137,47,9773.451606999999,754,84.98653571304347,High,High
15641,206,7,1035.2974946,38,51.764874729999995,Medium,Low
15646,337,13,1670.5884953999998,37,98.26991149411764,Medium,Medium
15649,150,2,71.03797999999999,2,35.518989999999995,Low,Low
15658,14,17,5270.4967552,160,188.23202697142855,High,High
15660,265,6,602.7292896,15,60.27292896,Low,Low
15661,61,5,1176.0659999999998,8,235.21319999999997,Medium,Medium
15664,203,1,270.36911,150,135.184555,Low,Low
15673,116,17,1859.0568311,182,35.076543983018865,Medium,Medium
15680,270,14,2324.6068818999997,75,77.48689606333332,Medium,Medium
15687,25,22,4365.1580168,430,97.00351148444445,High,High
15689,234,2,940.1430416000001,182,156.69050693333335,Medium,Medium
15694,26,12,2389.6424312,85,99.56843463333333,Medium,Medium
15696,41,28,2921.6472756999997,59,60.86765157708333,High,High
15708,37,47,8021.769018800001,551,83.56009394583334,High,High
15713,222,5,1005.3639188,21,100.53639188,Medium,Medium
15716,318,22,2251.2791108,76,59.24418712631579,Medium,Medium
15719,14,95,14177.768422,796,81.01581955428571,High,High
15723,250,22,3485.8683152999997,85,85.02117842195122,High,High
15727,129,37,5911.342328799999,750,59.71052857373737,High,High
15732,341,4,323.37050679999993,5,64.67410135999998,Low,Low
15738,34,15,2133.7063888,88,57.66774023783783,Medium,Medium
15749,135,5,537.31352,8,107.462704,Low,Low
15750,258,12,1682.5739976,41,80.12257131428571,Medium,Medium
15752,349,8,1589.8759776999998,92,113.56256983571427,Medium,Medium
15759,195,1,118.248796,4,29.562199,Low,Low
15769,148,6,833.9132002,36,69.49276668333333,Low,Low
15777,65,6,497.4462864,11,62.1807858,Low,Low
15780,189,9,1421.4433738999999,19,118.45361449166666,Medium,Medium
15781,1,3,547.7287741999999,10,109.54575483999997,Low,Low
15789,196,13,1738.4071095999998,45,69.536284384,Medium,Medium
15797,76,1,185.18955,1,185.18955,Low,Low
15799,143,8,898.8166128,32,40.855300581818184,Medium,Medium
15805,254,6,1694.7164331999998,250,154.06513029090908,Medium,Medium
15808,2,123,22278.696415,889,106.08903054761905,High,High
15811,187,12,1159.2233047999998,33,50.401013252173904,Medium,Medium
15812,64,2,325.42364999999995,2,162.71182499999998,Low,Low
15820,79,9,1674.6762726,137,98.51036897647059,Medium,Medium
15822,207,6,779.5649836,86,48.722811475,Low,Low
15823,157,9,687.3925661,20,40.434856829411764,Low,Low
15827,35,22,2785.9176599999996,38,96.06612620689654,High,High
15831,99,3,811.4272098,54,45.07928943333334,Low,Low
15834,337,1,122.234212,6,61.117106,Low,Low
15835,128,5,611.4507088,26,40.76338058666667,Low,Low
15838,22,5,432.89601139999996,19,72.14933523333333,Low,Low
15841,165,5,166.0281113,9,23.718301614285714,Low,Low
15845,153,7,4848.8479792,373,372.98830609230765,High,High
15854,24,14,2115.8001677999996,38,84.63200671199998,Medium,Medium
15856,170,32,3932.5140768999995,96,72.8243347574074,High,High
15858,284,18,2620.8371415999995,107,59.564480490909084,Medium,Medium
15860,301,10,1778.1094607999999,179,118.54063072,Medium,Medium
15862,363,40,8977.567268199999,332,140.27448856562498,High,High
15864,28,8,1019.2043888,11,113.24493208888889,Medium,Medium
15867,59,78,10838.4950775,307,78.5398194021739,High,High
15880,312,46,12920.3355944,1060,121.88995843773584,High,High
15881,28,19,3193.1929680999997,87,99.78728025312499,High,High
15882,294,11,2175.2437224,109,127.95551308235294,Medium,Medium
15885,13,1,21.715236599999997,1,21.715236599999997,Low,Low
15889,307,37,7991.9964536,583,121.09085535757575,High,High
15894,309,25,3051.0103879999997,119,80.28974705263157,High,High
15898,285,38,3696.8379704999998,73,57.763093289062496,High,High
15899,303,4,282.77852199999995,9,70.69463049999999,Low,Low
15910,54,28,5084.540165599999,302,121.06048013333331,High,High
15916,125,27,3632.6202531999998,76,75.67958860833333,High,High
15919,301,24,3705.0831379999995,401,75.61394159183672,High,High
15922,344,6,663.0186246,17,55.251552049999994,Low,Low
15923,345,14,2058.7780639999996,26,98.03705066666664,Medium,Medium
15938,97,4,998.0582999999999,8,199.61165999999997,Medium,Medium
15939,25,7,889.7424302,58,49.430135011111105,Medium,Medium
15940,22,1,18.147248400000002,2,9.073624200000001,Low,Low
15945,260,2,491.01429379999996,111,245.50714689999998,Low,Low
15950,209,12,1665.7620487999998,210,57.44007064827586,Medium,Medium
15953,132,11,1875.1869865999997,45,69.45136987407406,Medium,Medium
15955,347,15,3293.6638936,169,164.68319467999999,High,High
15965,285,9,1590.8203531999998,191,99.42627207499999,Medium,Medium
15967,73,15,2683.7038128,80,76.67725179428571,Medium,Medium
15971,22,3,304.8455081999999,4,76.21137704999998,Low,Low
15973,166,3,323.7473313,29,64.74946625999999,Low,Low
15981,24,2,107.31472569999998,5,26.828681424999996,Low,Low
15983,220,38,5809.4949160999995,447,71.72215945802469,High,High
15984,163,5,588.7295134,18,34.63114784705882,Low,Low
15987,303,3,228.70797359999997,14,25.411997066666665,Low,Low
15996,267,9,956.6322229,44,29.894756965625,Medium,Medium
15998,237,48,7721.26475,516,65.43444703389831,High,High
16003,208,9,1388.3956512,120,69.41978256,Medium,Medium
16010,239,14,3224.5978528,331,134.35824386666667,High,High
16011,23,33,5375.7509543,79,107.515019086,High,High
16013,152,8,429.6256836,15,35.8021403,Low,Low
16016,270,33,5572.7860178,482,79.61122882571429,High,High
16019,42,9,945.0782096,37,35.002896651851856,Medium,Medium
16029,6,31,4682.3233973999995,142,90.04468071923075,High,High
16030,16,21,2735.6151054999996,45,94.33155536206895,Medium,Medium
16033,109,50,8048.154640899999,493,57.07911092836879,High,High
16034,136,2,276.7173176,82,30.74636862222222,Low,Low
16037,202,7,804.2417298999999,109,53.61611532666666,Low,Low
16042,135,5,524.1211119999999,14,87.35351866666666,Low,Low
16043,65,8,1032.5580188,24,60.738706988235286,Medium,Medium
16048,353,5,1318.4788408,13,164.8098551,Medium,Medium
16059,117,21,2292.9055316999998,181,46.79399044285714,Medium,Medium
16062,249,5,589.1192573999999,7,84.1598939142857,Low,Low
16065,261,39,7083.3967231999995,110,95.72157734054053,High,High
16081,278,14,2223.2364036999998,216,101.0562001681818,Medium,Medium
16083,222,8,503.68596479999997,64,29.62858616470588,Low,Low
16085,87,12,2163.7585308,140,77.27709038571427,Medium,Medium
16086,285,5,613.4356468,8,76.67945585,Low,Low
16094,153,1,27.780353599999998,2,13.890176799999999,Low,Low
16098,364,5,836.9934917999999,13,69.74945765,Low,Low
16109,8,3,570.9151024999999,5,190.30503416666662,Low,Low
16110,23,69,9685.379390799999,252,84.2206903547826,High,High
16112,138,5,882.17436,15,88.21743599999999,Medium,Medium
16122,137,8,853.1567059,24,44.90298452105263,Low,Low
16124,48,8,808.5773808,23,50.5360863,Low,Low
16125,281,11,1281.6834125999999,21,98.59103173846152,Medium,Medium
16133,47,7,1163.4652282,20,89.49732524615385,Medium,Medium
16134,174,12,1832.0689127999997,76,96.42467962105262,Medium,Medium
16138,291,1,14.443528,1,14.443528,Low,Low
16140,328,6,934.2089152,28,133.45841645714285,Medium,Medium
16143,178,12,2570.2350076999996,71,91.79410741785713,Medium,Medium
16145,136,17,2184.3245377,63,57.48222467631579,Medium,Medium
16150,153,14,2218.701007,98,85.33465411538462,Medium,Medium
16153,180,7,1077.6182276,11,107.76182276,Medium,Medium
16156,20,13,1464.4337984999997,20,81.35743324999999,Medium,Medium
16161,22,64,9274.9889658,341,74.79829811129032,High,High
16163,256,4,139.295343,5,27.8590686,Low,Low
16168,77,3,461.5981976,70,57.6997747,Low,Low
16186,341,2,791.0743373,50,39.553716865,Low,Low
16191,29,15,1382.055369,53,38.39042691666666,Medium,Medium
16202,224,7,760.0442032,27,42.224677955555556,Low,Low
16203,136,11,1518.0807757999999,22,126.50673131666666,Medium,Medium
16206,118,11,1360.6460812,117,54.425843248,Medium,Medium
16210,17,20,3294.1630583999995,65,78.43245377142856,High,High
16218,362,17,3598.3251881999995,40,128.5116138642857,High,High
16221,286,4,889.4214259999999,199,74.11845216666666,Medium,Medium
16222,67,71,11139.1638236,336,81.30776513576642,High,High
16233,124,6,601.2528046,24,50.104400383333335,Low,Low
16235,119,7,736.0688385999999,10,81.7854265111111,Low,Low
16241,166,30,5895.4656967,324,83.03472812253521,High,High
16244,346,28,5319.164788499999,90,84.4311871190476,High,High
16250,364,8,1920.1615345999996,20,137.1543953285714,Medium,Medium
16252,266,12,1579.2034815999998,29,75.20016579047618,Medium,Medium
16255,168,24,4288.3890463,104,71.47315077166667,High,High
16262,222,2,548.9304,7,182.9768,Low,Low
16265,252,10,2750.1967375,143,72.37359835526316,Medium,Medium
16270,173,23,4244.802956699999,303,78.6074621611111,High,High
16271,195,4,607.9751626,21,37.9984476625,Low,Low
16274,353,32,6633.268608099999,469,99.00400907611939,High,High
16279,141,2,149.4179696,3,74.7089848,Low,Low
16282,168,8,771.922479,17,70.17477081818181,Low,Low
16293,283,7,569.8080252,16,35.613001575,Low,Low
16303,139,14,2024.8931152000002,114,57.85408900571429,Medium,Medium
16306,153,7,432.0904338,19,28.806028920000003,Low,Low
16315,127,4,263.316056,16,18.808289714285714,Low,Low
16316,163,17,1789.184607,27,85.19926699999999,Medium,Medium
16321,96,2,234.62352799999996,58,58.65588199999999,Low,Low
16326,40,14,1790.7904116,70,41.646288641860465,Medium,Medium
16327,45,54,8179.418164799999,195,80.98433826534652,High,High
16333,16,1,437.0549215,6,218.52746075,Low,Low
16350,141,13,972.6112834,29,38.904451336,Medium,Medium
16351,137,2,325.9158972,10,40.73948715,Low,Low
16353,12,9,807.2854451,21,62.09888039230769,Low,Low
16359,119,4,79.9701912,5,15.99403824,Low,Low
16365,206,6,407.7551582,14,58.25073688571428,Low,Low
16367,240,14,1332.7161648000001,40,36.01935580540541,Medium,Medium
16378,20,9,1308.9339160999998,18,130.89339160999998,Medium,Medium
16385,272,9,891.5003016,42,42.45239531428571,Medium,Medium
16387,91,2,49.218311400000005,4,12.304577850000001,Low,Low
16393,240,13,1258.8257536,202,57.21935243636364,Medium,Medium
16395,97,39,5269.9740394,215,87.83290065666667,High,High
16401,118,10,594.7006862999999,23,42.478620449999994,Low,Low
16402,311,27,6034.6950375999995,163,105.87184276491227,High,High
16403,32,3,710.12888,36,71.012888,Low,Low
16405,17,1,44.802157199999996,4,14.934052399999999,Low,Low
16407,32,10,1104.2142272,23,55.210711360000005,Medium,Medium
16409,59,30,4350.3813376,118,90.63294453333333,High,High
16411,312,10,835.2243255999999,77,39.77258693333333,Low,Low
16419,26,7,769.1433668999999,28,45.24372746470588,Low,Low
16422,25,27,3902.6921675999997,503,72.27207717777777,High,High
16424,157,1,15.5842206,1,15.5842206,Low,Low
16442,223,29,4568.5904371999995,58,99.31718341739129,High,High
16455,225,13,1537.8615856,138,51.26205285333333,Medium,Medium
16456,4,42,6783.934047199999,264,109.41829108387095,High,High
16458,222,5,513.727024,72,51.3727024,Low,Low
16470,201,20,2023.7959664,130,50.59489916,Medium,Medium
16473,152,4,373.8567888,57,46.7320986,Low,Low
16477,82,30,4355.9195806,129,73.8291454338983,High,High
16493,124,1,143.563904,7,23.927317333333335,Low,Low
16496,57,31,4949.6451264,74,120.72305186341463,High,High
16497,66,10,2764.938597,332,102.40513322222222,High,High
16499,214,13,1811.0135263999998,43,82.31879665454545,Medium,Medium
16500,128,1,13.693824,1,13.693824,Low,Low
16503,126,26,4023.6688654,322,75.91828047924528,High,High
16510,342,10,1947.6664297999998,22,149.8204946,Medium,Medium
16515,25,16,1981.8712703999997,139,63.9313313032258,Medium,Medium
16519,258,1,94.8625428,6,18.97250856,Low,Low
16520,260,32,7220.5746180999995,184,120.34291030166666,High,High
16523,44,18,1715.0437152,47,65.96321981538462,Medium,Medium
16525,3,27,2784.9944444,43,71.41011395897435,High,High
16531,70,9,1278.5896124,83,91.32782945714287,Medium,Medium
16532,164,1,15.467010000000002,1,15.467010000000002,Low,Low
16539,195,14,3159.2937684,123,105.30979228,High,Medium
16546,337,11,1521.7064177999998,18,126.80886814999998,Medium,Medium
16549,144,15,1481.6481452,68,44.89842864242424,Medium,Medium
16550,293,22,2825.5641254999996,155,55.403218147058816,High,High
16551,152,8,572.1211984,20,52.01101803636364,Low,Low
16552,359,4,437.33935719999994,7,87.46787143999998,Low,Low
16553,215,5,5503.6956198,265,305.76086776666665,High,Medium
16554,131,1,410.0832624000001,29,205.04163120000004,Low,Low
16556,216,9,1257.265696,25,78.579106,Medium,Medium
16558,81,28,3283.8361804,108,51.30994031875,High,High
16560,196,10,1793.7042821999999,158,85.41448962857142,Medium,Medium
16565,245,2,89.774912,11,29.924970666666667,Low,Low
16567,153,14,1887.55516,36,72.59827538461538,Medium,Medium
16570,28,11,1487.1515157999997,30,82.61952865555554,Medium,Medium
16579,257,1,218.387799,5,218.387799,Low,Low
16583,361,5,1794.6291322,708,128.18779515714286,Medium,Medium
16593,118,1,7.614113,1,7.614113,Low,Low
16596,266,3,89.3206272,16,14.8867712,Low,Low
16600,164,1,912.9528612,289,101.43920680000001,Medium,Medium
16607,187,8,678.4352263999999,37,75.38169182222221,Low,Medium
16612,27,14,2313.6410945,88,128.5356163611111,Medium,Medium
16618,90,24,4777.2574317,59,136.49306947714285,High,High
16634,336,6,1005.5335299999999,10,125.69169124999999,Medium,Medium
16638,121,3,268.5561846,50,22.37968205,Low,Low
16654,291,5,539.9413411999999,27,59.99348235555554,Low,Low
16655,132,13,2087.5264368,419,53.526318892307685,Medium,Medium
16656,59,6,165.3535446,19,15.032140418181818,Low,Low
16658,293,7,732.4421021999999,11,91.55526277499999,Low,Low
16660,79,1,40.217551799999995,6,10.054387949999999,Low,Low
16665,236,5,869.5552703999999,69,96.61725226666665,Low,Low
16670,109,25,3001.4259835,277,57.71973045192307,High,High
16676,157,8,885.1837118999999,50,30.52357627241379,Medium,Medium
16679,271,1,89.420631,5,29.806877,Low,Low
16684,15,33,4445.369168099999,134,77.9889327736842,High,High
16686,181,51,7856.334975299999,123,90.30270086551724,High,High
16700,53,24,3711.7755088,83,71.38029824615384,High,High
16701,132,9,1213.9608567999999,28,60.69804283999999,Medium,Medium
16705,24,28,2584.7215629999996,313,43.07869271666666,Medium,Medium
16710,215,28,3865.3356719999997,330,51.53780896,High,High
16711,188,1,15.1093674,1,15.1093674,Low,Low
16713,178,49,8759.984877699999,566,82.6413667707547,High,High
16714,61,47,9444.4770752,233,101.55351693763441,High,High
16716,22,1,40.8056392,1,40.8056392,Low,Low
16717,19,8,1047.6498921,52,58.20277178333333,Medium,Medium
16718,313,28,3901.60363,68,86.7023028888889,High,High
16719,164,34,5314.9176933,236,88.58196155499999,High,High
16722,222,22,2159.6676648999996,49,51.42065868809523,Medium,Medium
16725,6,67,9901.442768699999,851,74.4469381105263,High,High
16726,230,8,741.8696216000001,97,37.093481080000004,Low,Low
16727,246,21,3474.2452561,245,75.52707078478261,High,High
16730,77,9,3092.1591702,23,220.86851215714287,High,High
16735,144,26,2891.9097616,139,61.52999492765957,High,High
16743,200,13,1895.3247149,184,63.177490496666664,Medium,Medium
16745,2,28,4254.644678199999,90,73.3559427275862,High,High
16746,118,27,2504.1675388,74,53.2801604,Medium,Medium
16748,13,9,1606.2261928,56,84.53822067368421,Medium,Medium
16752,345,4,927.5584283999999,16,103.06204759999999,Medium,Medium
16754,336,2,136.2442054,2,68.1221027,Low,Low
16755,45,7,1454.3080112,22,90.8942507,Medium,Medium
16757,73,6,838.2330534,10,119.74757905714286,Low,Low
16767,52,26,5458.3057584,100,109.16611516799999,High,High
16770,38,45,8157.094138699999,127,121.7476737119403,High,High
16771,19,57,9237.769290999999,377,87.97875515238094,High,High
16775,125,19,2331.1608566,42,77.70536188666667,Medium,Medium
16779,22,36,4649.2778705,456,61.99037160666667,High,High
16781,257,14,1927.618777,23,101.45361984210525,Medium,Medium
16782,56,61,8914.7505153,1376,74.91386987647059,High,High
16791,133,17,2841.8848288,78,53.620468467924525,High,Medium
16795,258,32,4786.5193879,284,72.52302102878788,High,High
16805,215,31,3311.5605591999997,207,60.21019198545454,High,High
16810,223,1,31.125144000000002,1,31.125144000000002,Low,Low
16812,220,7,1619.2956752,52,107.95304501333334,Medium,Medium
16814,16,36,6637.4912287,318,72.14664379021738,High,High
16816,36,16,2347.6315827999997,24,117.38157913999999,Medium,Medium
16817,213,13,1503.7223881999998,94,79.14328358947368,Medium,Medium
16833,144,8,1329.3784992,67,73.85436106666667,Medium,Medium
16835,350,1,237.95214940000002,12,47.59042988,Low,Low
16839,35,10,1534.0264657,53,59.00101791153846,Medium,Medium
16843,116,8,1337.684689,99,70.40445731578947,Medium,Medium
16850,140,13,1308.5928024,28,68.87330538947369,Medium,Medium
16858,269,2,572.9081986,14,44.06986143076923,Low,Low
16861,291,1,36.110034,10,18.055017,Low,Low
16863,224,5,916.630831,297,91.6630831,Medium,Medium
16873,176,43,2830.9592364,200,40.442274805714284,High,High
16875,137,17,2852.9898803999995,113,101.8924957285714,High,High
16882,58,1,196.5904,2,196.5904,Low,Low
16883,334,11,1931.175696,22,113.59857035294118,Medium,Medium
16885,186,23,3000.1266104999995,190,100.00422034999998,High,High
16889,152,20,4125.9073768,979,85.95640368333333,High,High
16891,333,37,7272.263084,372,105.3951171594203,High,High
16892,95,1,42.0543656,4,42.0543656,Low,Low
16893,277,31,3008.6929108,98,66.85984246222222,High,High
16897,40,19,3164.3814752,34,105.47938250666667,High,High
16898,258,11,2844.3831826999995,127,86.19342977878786,High,Medium
16899,216,9,726.75044,21,45.4219025,Low,Low
16904,102,44,4946.4727132,234,65.08516727894737,High,High
16905,334,5,916.0154864,28,91.60154864,Medium,Medium
16907,256,19,3471.6579757,469,102.10758752058824,High,High
16912,93,5,829.4768553999999,30,63.80591195384614,Low,Low
16916,343,23,3165.6923863999996,110,63.31384772799999,High,High
16918,58,10,2213.0591712,108,71.38900552258065,Medium,Medium
16919,215,34,6217.3650687,969,95.6517702876923,High,High
16923,40,59,13118.4955912,1052,104.9479647296,High,High
16926,331,6,506.03151199999996,17,36.145108,Low,Low
16927,231,1,33.3827536,9,16.6913768,Low,Low
16928,90,5,1498.2453449999998,94,136.20412227272726,Medium,Medium
16931,86,54,10000.6843889,388,77.52468518527131,High,High
16938,11,9,1609.3575224999997,21,114.95410874999997,Medium,Medium
16943,67,10,1427.5345824,25,67.97783725714287,Medium,Medium
16945,193,7,1155.8177606,32,60.83251371578947,Medium,Medium
16948,108,4,493.930771,57,98.7861542,Low,Medium
16949,54,4,689.0235855999999,8,137.80471712,Low,Low
16950,283,2,126.7071,4,42.2357,Low,Low
16954,212,5,345.20710479999997,42,28.767258733333332,Low,Low
16955,148,12,1158.2452936,20,72.39033085,Medium,Medium
16983,82,10,1093.7957768,42,47.55633812173914,Medium,Medium
16985,20,17,3266.1942977999997,543,98.97558478181817,High,High
16992,18,2,43.5882724,4,21.7941362,Low,Low
16995,336,1,22.305398600000004,1,22.305398600000004,Low,Low
16996,172,4,292.42780619999996,35,48.73796769999999,Low,Low
16997,13,5,569.4592636,22,71.18240795,Low,Low
17001,76,18,1498.5689794,153,46.83028060625,Medium,Medium
17007,173,8,992.3884269999999,185,76.3375713076923,Medium,Medium
17017,214,42,6178.3209424,253,82.37761256533332,High,High
17018,109,5,490.62269019999997,7,81.77044836666666,Low,Low
17019,127,46,6473.0035142,170,71.92226126888889,High,High
17025,352,5,1038.4557529999997,10,207.69115059999996,Medium,Medium
17026,315,3,130.6476832,3,43.54922773333333,Low,Low
17027,61,18,3025.7340368,55,70.36590783255814,High,High
17033,208,4,328.5027694,8,41.062846175,Low,Low
17035,25,8,1323.5823789999997,27,73.53235438888888,Medium,Medium
17041,222,4,605.9443824,22,33.6635768,Low,Low
17044,203,1,50.9381822,3,16.979394066666668,Low,Low
17048,88,7,1054.3757712,23,65.8984857,Medium,Medium
17059,317,69,7767.9518784,153,66.3927510974359,High,High
17062,40,34,5545.1370486,266,78.1005218112676,High,High
17064,116,9,2885.6503915999997,349,125.46306050434781,High,High
17068,33,38,5322.6610313,104,77.14001494637681,High,High
17069,171,14,2257.3399624,51,75.24466541333332,Medium,Medium
17071,17,8,1005.4245753999999,19,59.142622082352936,Medium,Medium
17075,62,6,400.72624740000003,22,22.262569300000003,Low,Low
17076,253,5,1008.2792873999999,11,144.03989819999998,Medium,Medium
17082,66,11,481.6532718,58,20.068886325,Low,Low
17085,179,39,5412.745275,552,62.93889854651163,High,High
17090,177,2,95.4241158,2,47.7120579,Low,Low
17091,70,20,3265.0085297,111,61.60393452264151,High,High
17094,66,8,1671.0835101999996,97,111.40556734666664,Medium,Medium
17095,132,5,628.1404335999999,18,36.949437270588234,Low,Low
17097,100,29,5131.6416911999995,158,81.45463001904761,High,High
17105,2,27,3746.9846183999994,64,98.60485837894736,High,High
17114,146,11,2393.8814872,119,82.54763748965516,Medium,Medium
17118,63,7,1651.6373208,135,165.16373208,Medium,Medium
17126,241,28,5690.871312,328,90.33129066666667,High,High
17128,145,6,831.8627343999999,157,59.41876674285714,Low,Low
17135,335,6,1335.2348312,14,148.35942568888888,Medium,Medium
17146,200,6,1804.0009456,210,112.7500591,Medium,Medium
17147,28,8,717.3422422,49,39.85234678888889,Low,Medium
17158,217,16,1800.3999632,26,72.015998528,Medium,Medium
17179,229,8,1567.7712416,164,78.38856208,Medium,Medium
17180,46,32,5164.252174,202,93.89549407272727,High,High
17181,359,2,307.61741379999995,3,153.80870689999998,Low,Low
17188,42,27,2970.1655511999998,192,80.27474462702702,High,High
17189,203,19,3261.5715078,359,85.83082915263158,High,High
17191,291,36,6276.678561299999,401,87.17609112916665,High,High
17194,221,13,1309.9960512,141,46.78557325714286,Medium,Medium
17198,259,44,8572.69019,966,111.33363883116883,High,High
17204,179,3,330.6123,3,110.2041,Low,Low
17211,173,25,4284.3599271,385,57.124799028000005,High,High
17213,51,20,3376.9673976,134,63.71636599245283,High,High
17214,13,15,1479.6734725999997,46,54.802721207407394,Medium,Medium
17218,143,59,6830.9068022,231,57.4025781697479,High,High
17220,34,38,6525.336028,190,94.57008736231883,High,High
17223,18,27,5858.300530099999,905,119.5571536755102,High,High
17226,10,13,1754.4303126999996,175,83.54430060476189,Medium,Medium
17227,302,3,241.20651249999997,14,24.120651249999998,Low,Low
17228,26,25,3513.1228504999995,68,73.19005938541666,High,High
17230,20,39,5056.386489899999,101,84.27310816499998,High,High
17231,97,36,5993.6075886,461,70.51303045411764,High,High
17235,343,7,1715.6379889999998,14,171.5637989,Medium,Medium
17236,70,15,2312.6668483999997,254,70.08081358787878,Medium,Medium
17238,89,51,8919.4554641,280,103.71459841976744,High,High
17239,35,14,2253.3189067999997,26,140.83243167499998,Medium,Medium
17243,88,36,5180.0748638,107,80.938669746875,High,High
17251,243,22,1717.0103568,277,44.025906584615385,Medium,Medium
17256,31,7,755.0594484,20,62.9216207,Low,Low
17259,296,32,4722.813451499999,152,54.28521208620689,High,High
17262,271,1,21.621612999999996,3,10.810806499999998,Low,Low
17277,90,29,4034.5828822999997,231,77.58813235192306,High,High
17284,149,49,5768.4555196,322,44.0340116,High,High
17287,286,9,1898.0370262,126,86.27441028181818,Medium,Medium
17288,112,5,1125.7733856,53,93.8144488,Medium,Medium
17291,8,1,91.49490999999999,1,91.49490999999999,Low,Low
17293,5,15,1865.2056040999998,50,74.60822416399999,Medium,Medium
17303,230,21,2411.8017088,86,45.505692618867926,Medium,Medium
17306,59,5,184.6864762,9,20.520719577777776,Low,Low
17307,257,1,23.302087800000002,1,23.302087800000002,Low,Low
17311,55,19,3234.8851856,31,134.78688273333333,High,High
17314,28,15,2891.4187205999997,71,111.20841233076922,High,Medium
17315,6,51,6953.400760999999,358,81.8047148352941,High,High
17320,289,11,1440.0968884,116,65.45894947272727,Medium,Medium
17324,132,7,1420.8305110000001,632,83.57826535294119,Medium,Medium
17329,41,9,2177.3774848000003,31,136.08609280000002,Medium,Medium
17334,12,7,1215.2010243999998,15,121.52010243999999,Medium,Medium
17337,17,139,27516.665617899995,1448,105.83332929961536,High,High
17338,130,56,6175.6608808,422,50.62017115409836,High,High
17339,258,1,44.196287999999996,8,11.049071999999999,Low,Low
17340,174,61,10281.3753542,502,75.04653543211678,High,High
17341,273,65,11484.037585799999,768,71.32942599875776,High,High
17343,180,8,1097.0268342,117,64.53099024705882,Medium,Medium
17346,210,21,2869.1598265999996,185,61.0459537574468,High,High
17356,27,14,1468.5993147999998,21,77.29470077894736,Medium,Medium
17358,182,26,4517.689855,59,107.56404416666666,High,High
17362,16,6,727.5293629999999,14,60.627446916666656,Low,Low
17364,93,16,1923.6651916,68,36.993561376923076,Medium,Medium
17365,136,29,4053.6371440000003,770,51.311862582278486,High,High
17368,66,22,2684.965857,73,63.9277585,Medium,High
17371,227,4,1106.0963264,15,138.2620408,Medium,Medium
17372,59,39,7286.5792771999995,259,76.7008344968421,High,High
17373,34,9,1795.4947696000002,46,105.61733938823531,Medium,Medium
17375,29,25,3303.6541467999996,109,76.82916620465116,High,High
17376,23,5,538.169269,18,41.39763607692308,Low,Low
17377,186,28,3601.097773,133,80.02439495555555,High,High
17381,10,14,2276.9947392999998,28,119.84182838421052,Medium,Medium
17389,29,14,2206.849094,138,129.8146525882353,Medium,Medium
17392,4,34,5614.812954499999,98,90.56149926612902,High,High
17396,335,2,39.7594014,3,13.2531338,Low,Low
17400,172,17,6061.8143733,305,163.8328209,High,High
17402,121,13,2035.5085112,214,75.38920411851852,Medium,Medium
17404,45,33,3653.3732766,101,76.11194326249999,High,High
17406,126,47,6586.0507364,573,56.776299451724135,High,High
17411,263,2,166.81877680000002,16,83.40938840000001,Low,Low
17412,193,14,1896.8599269999997,79,90.32666319047618,Medium,Medium
17418,96,7,845.0308141999999,45,70.41923451666666,Low,Low
17419,103,18,1828.2482716,54,49.41211544864865,Medium,Medium
17420,364,5,535.6672987999999,8,76.52389982857142,Low,Low
17428,137,20,2085.1190023999998,89,41.702380047999995,Medium,Medium
17430,261,3,1192.161,10,238.43220000000002,Medium,Low
17431,37,26,5602.7702831999995,164,130.29698333023254,High,High
17442,257,1,214.33050900000003,7,214.33050900000003,Low,Low
17446,19,3,638.1998564999999,9,127.63997129999998,Low,Low
17449,210,38,5372.9638391,886,73.60224437123287,High,High
17450,137,23,2767.6621648,267,37.400840064864866,High,High
17454,211,7,798.5189846999999,13,88.72433163333332,Low,Low
17456,257,7,913.6158164999999,71,53.74210685294117,Medium,Medium
17457,12,5,686.0519227999999,10,85.75649034999999,Low,Low
17460,67,6,487.68614819999993,12,60.96076852499999,Low,Low
17463,36,57,8883.923979199999,186,94.50982956595743,High,High
17470,288,6,1042.5060263999999,14,94.77327512727271,Medium,Medium
17491,108,7,295.3365922,21,22.7181994,Low,Low
17496,203,4,240.8457091,11,24.08457091,Low,Low
17504,92,14,2104.405923,42,77.94096011111111,Medium,Medium
17507,12,33,4449.633111099999,57,98.8807358022222,High,High
17511,22,106,15140.094228299999,847,71.08025459295774,High,High
17515,67,14,2607.1241597999997,106,84.10077934838709,Medium,Medium
17517,10,8,780.5467573,12,70.95879611818181,Low,Low
17519,224,9,1444.7442569999998,106,76.03917142105263,Medium,Medium
17524,229,1,229.6666752,97,38.2777792,Low,Low
17525,209,4,341.4040573,14,37.933784144444445,Low,Low
17526,223,6,526.1723549,19,75.16747927142856,Low,Low
17530,254,29,5222.0677742,249,80.33950421846154,High,High
17540,50,2,307.36324,39,38.420405,Low,Low
17547,341,2,158.16735939999998,2,79.08367969999999,Low,Low
17548,363,4,553.6381693999999,10,79.09116705714284,Low,Low
17551,206,17,2145.7620806,457,49.90144373488372,Medium,Medium
17552,335,2,1076.4947654,162,82.80728964615385,Medium,Medium
17555,145,23,3345.2358600000002,186,68.27011959183675,High,High
17560,20,2,169.94505409999996,4,42.48626352499999,Low,Low
17567,340,6,2551.5745487,107,94.50276106296296,Medium,Medium
17569,133,14,1581.43516,40,54.532246896551726,Medium,Medium
17572,357,2,435.436888,23,108.859222,Low,Low
17576,104,25,5483.8437202,312,124.63281182272726,High,High
17580,32,26,4089.2940288,91,92.93850065454545,High,High
17581,123,39,4832.0171306,105,74.33872508615384,High,High
17585,161,17,3031.0038068999997,709,108.25013596071427,High,High
17591,59,42,5371.7719922999995,133,54.260323154545446,High,High
17593,172,11,836.5792809,35,32.17612618846154,Low,Low
17596,299,28,3860.0881191,338,64.334801985,High,High
17602,98,56,9215.4285847,409,89.47018043398057,High,High
17604,30,19,2923.0352050999995,35,108.26056315185184,High,High
17609,116,33,5726.183489599999,442,57.26183489599999,High,High
17611,84,104,15767.016011099999,458,81.69438347720207,High,High
17616,288,1,89.88329999999999,1,89.88329999999999,Low,Low
17618,235,22,2306.4572708,175,43.51806171320755,Medium,Medium
17619,31,46,4752.422994699999,285,61.719779151948046,High,High
17621,33,12,2112.6773928,25,140.84515951999998,Medium,Medium
17629,137,9,964.6513711999999,16,80.38761426666666,Medium,Medium
17633,203,1,17.2131474,1,17.2131474,Low,Low
17634,157,24,4052.8400178,465,54.76810834864865,High,High
17643,354,4,572.5946752,9,71.5743344,Low,Low
17644,88,1,18.2530158,1,18.2530158,Low,Low
17646,258,5,908.0792385999999,91,100.89769317777777,Medium,Medium
17655,195,5,276.1615256,16,25.105593236363635,Low,Low
17659,194,6,1447.4104328,239,85.14179016470588,Medium,Medium
17671,258,1,394.204233,36,23.188484294117647,Low,Low
17672,14,19,3805.3758068999996,55,92.8140440707317,High,High
17673,82,38,7278.709402199999,71,165.4252136863636,High,High
17674,303,5,352.47602609999996,14,32.043275099999995,Low,Low
17675,28,26,4214.473640599999,267,69.08973181311474,High,High
17676,271,3,1261.9403288,52,84.12935525333334,Medium,Medium
17677,70,28,3005.8493074,132,68.31475698636363,High,High
17682,294,6,1198.2365469,182,66.56869705,Medium,Medium
17685,5,22,2727.4566736999996,143,66.52333350487804,Medium,Medium
17690,112,38,5982.444098399999,564,78.71636971578947,High,High
17691,194,6,533.0148266,40,28.05341192631579,Low,Low
17692,207,15,2115.5586421999997,44,84.62234568799998,Medium,Medium
17696,153,4,1196.2058814,9,149.525735175,Medium,Medium
17700,257,2,51.511062599999995,3,17.1703542,Low,Low
17702,259,3,528.029733,57,105.6059466,Low,Low
17706,278,18,1815.2754811,165,64.83126718214285,Medium,Medium
17707,150,1,37.951019200000005,3,12.650339733333334,Low,Low
17708,103,16,2322.1468876,492,89.31334183076923,Medium,Medium
17714,88,6,525.7734936,12,52.57734936000001,Low,Low
17720,287,1,40.8547274,1,40.8547274,Low,Low
17722,59,49,5577.4791281,146,69.71848910125,High,High
17730,70,6,933.3688058,286,51.85382254444445,Medium,Medium
17732,349,11,1884.2194421999998,127,104.67885789999998,Medium,Medium
17735,63,28,6221.5147736,163,109.14938199298246,High,High
17739,138,2,665.6209512,177,55.4684126,Low,Low
17742,137,8,1068.3154192,108,82.17810916923077,Medium,Medium
17744,93,17,1982.5979725999998,93,38.87447005098039,Medium,Medium
17752,203,1,116.71059999999999,2,116.71059999999999,Low,Low
17757,48,56,8220.9775538,538,66.83721588455285,High,High
17760,353,7,872.3252891999998,14,96.92503213333332,Low,Low
17769,87,23,3859.3218214,269,113.50946533529411,High,High
17771,95,9,1721.2204015999998,29,78.23729098181818,Medium,Medium
17786,60,10,1849.1640192,180,66.04157211428571,Medium,Medium
17787,96,41,5751.1519502,113,72.79939177468354,High,High
17790,190,15,1742.4861299,46,72.60358874583333,Medium,Medium
17796,39,46,8365.7463936,108,107.2531588923077,High,High
17799,79,60,9028.734155,458,75.87171558823529,High,High
17800,144,7,570.5903288,76,47.549194066666665,Low,Low
17802,342,5,826.2794258,39,68.85661881666667,Low,Low
17809,331,3,736.4787239999999,178,49.098581599999996,Low,Low
17811,21,76,10772.789549,428,89.03131858677685,High,High
17812,289,11,1767.0008086,42,53.54547904848485,Medium,Medium
17816,258,2,1718.9869137,96,171.89869137,Medium,Medium
17819,238,4,1269.4875184,16,90.67767988571428,Medium,Medium
17820,203,1,290.2945714,61,96.76485713333334,Low,Low
17827,250,51,7315.847820999999,403,65.32006983035714,High,High
17838,256,16,4549.0039558,96,105.79078966976743,High,High
17841,18,263,45358.0024244,2626,79.29720703566434,High,High
17848,17,5,237.3395464,31,18.256888184615384,Low,Low
17849,140,2,1184.8212512,24,148.1026564,Medium,Medium
17850,340,177,34309.216154099995,1133,115.519246310101,High,High
17855,349,9,1439.1334737999998,45,84.6549102235294,Medium,Medium
17857,195,4,485.51685929999996,7,97.10337186,Low,Low
17858,83,28,3960.5294816,893,113.15798518857143,High,High
17860,298,30,2741.4243116,109,47.26593640689655,Medium,Medium
17861,80,6,836.7661276,12,104.59576595,Low,Low
17862,96,8,784.9929012,13,71.36299101818182,Low,Low
17863,21,23,3148.092965,53,65.58527010416667,High,High
17865,187,23,4261.534564,213,101.46510866666665,High,High
17869,288,6,698.1924204,17,43.637026275,Low,Low
17870,280,1,44.0181874,1,44.0181874,Low,Low
17873,354,4,1174.6069616,41,130.51188462222223,Medium,Medium
17880,252,10,1839.6236055999998,46,70.75475406153845,Medium,Medium
17884,27,54,7367.634257,241,79.2218737311828,High,High
17888,62,7,890.2323216,67,49.4573512,Medium,Medium
17889,88,9,1053.670037,15,87.80583641666668,Medium,Medium
17890,91,40,7179.9417201,431,76.38235872446808,High,High
17894,32,56,8832.6189295,284,76.80538199565218,High,High
17897,281,33,5706.112076799999,208,78.16591886027396,High,High
17905,171,10,1678.9475903,42,59.96241393928572,Medium,Medium
17908,362,32,5417.544172599999,192,93.40593401034481,High,High
17912,19,19,1855.4716239999998,153,46.3867906,Medium,Medium
17913,185,12,923.1977244,60,29.780571754838707,Medium,Medium
17917,239,17,2361.6318032,47,81.43557942068965,Medium,Medium
17920,41,64,10600.218276099999,939,100.95445977238094,High,High
17924,178,4,269.79210509999996,5,53.95842101999999,Low,Low
17925,349,1,24.1627358,1,24.1627358,Low,Low
17929,11,2,204.41722599999997,2,102.20861299999999,Low,Low
17937,228,11,932.9050675999999,27,51.828059311111105,Medium,Medium
17949,159,2,66.8292012,3,33.4146006,Low,Low
17950,257,19,6306.231793000001,208,157.65579482500002,High,High
17951,177,8,814.0568785999999,60,81.40568785999999,Low,Medium
17954,120,39,5602.520108,175,66.69666795238095,High,High
17961,19,29,9588.4709213,398,118.37618421358026,High,High
17964,343,23,4319.2253094,88,123.40643741142857,High,High
17965,43,45,4549.3529192,224,49.44948825217391,High,High
17967,334,26,4150.8892652,328,86.47685969166668,High,High
17968,360,31,8338.9654931,1202,98.10547638941178,High,High
17969,227,3,131.7778368,8,18.825405257142855,Low,Low
17975,20,35,11424.1740144,1397,128.36150577977529,High,High
17976,342,33,5359.522973599999,165,82.45419959384614,High,High
17978,259,4,578.4378518999999,20,48.20315432499999,Low,Low
17980,204,7,552.336511,26,36.822434066666666,Low,Low
17988,112,11,1469.6735999999999,53,113.05181538461537,Medium,Medium
17990,173,8,959.9349548,35,79.99457956666667,Medium,Medium
17999,269,17,3798.2777290999998,295,99.95467708157894,High,High
18004,236,18,2731.6098,386,68.290245,Medium,Medium
18008,71,5,468.648666,44,39.0540555,Low,Low
18011,350,13,1637.0059411999998,34,58.46449789999999,Medium,Medium
18016,41,23,2668.3687296,111,66.70921824,Medium,Medium
18017,19,1,20.2166456,1,20.2166456,Low,Low
18032,143,3,58.811768,5,11.7623536,Low,Low
18037,89,7,433.7948156,43,54.22435195,Low,Low
18041,19,95,14967.4061009,716,91.82457730613497,High,High
18043,276,28,4041.6999617999995,292,61.2378782090909,High,High
18044,221,3,691.8679711999999,8,115.31132853333332,Low,Low
18050,206,5,529.5151812,105,105.90303624,Low,Low
18055,27,50,7667.6629127,242,79.87148867395832,High,High
18061,92,6,1156.7574114,13,105.15976467272726,Medium,Low
18062,159,3,123.93023620000001,5,24.786047240000002,Low,Low
18065,195,17,1678.9448606,28,76.31567548181819,Medium,Medium
18069,117,33,4287.151906599999,220,55.67729748831168,High,High
18071,264,4,611.0288154,73,43.644915385714285,Low,Low
18074,364,12,1734.1678721999997,15,133.39752863076922,Medium,Medium
18075,46,19,2757.1625914,122,76.58784976111112,High,High
18077,74,32,4685.3263748,541,74.37025991746032,High,High
18085,125,15,2035.1391423999999,94,70.17721180689655,Medium,Medium
18092,125,12,1538.1701014,35,73.24619530476191,Medium,Medium
18095,33,12,1188.488928,93,56.59471085714286,Medium,Medium
18097,169,11,1446.7836903999998,23,90.42398064999999,Medium,Medium
18102,259,14,1693.6286567999998,40,94.09048093333332,Medium,Medium
18106,123,19,2687.4634751999997,160,68.90931987692306,Medium,Medium
18109,106,33,3141.149124,114,43.62707116666667,High,High
18113,299,1,94.32677220000001,13,94.32677220000001,Low,Low
18116,169,77,10078.821340999999,374,65.02465381290322,High,High
18118,107,120,18708.0978395,1230,74.832391358,High,High
18119,286,12,1381.1292408,151,46.037641359999995,Medium,Medium
18125,49,45,9392.84525,165,113.16681024096385,High,High
18136,79,10,1613.1894307999999,31,89.62163504444443,Medium,Medium
18141,223,1,30.347747200000004,2,30.347747200000004,Low,Low
18144,72,5,563.2544535999999,17,56.32544535999999,Low,Low
18145,34,24,3529.6826288,259,84.0400625904762,High,High
18156,318,34,3145.7884744,151,57.19615408,High,High
18161,80,8,789.0976026,19,52.606506839999994,Low,Low
18168,210,29,3698.1427417999994,123,84.04869867727271,High,High
18171,141,9,1145.4231472,16,76.36154314666666,Medium,Medium
18176,173,13,2123.8602474,232,64.35940143636364,Medium,Medium
18178,13,15,2539.2075732999997,43,72.54878780857142,Medium,Medium
18179,111,13,1545.4267871999998,63,44.15505106285714,Medium,Medium
18190,105,6,404.2635674,15,40.42635674,Low,Low
18193,270,1,14.073608,3,14.073608,Low,Low
18198,21,15,2012.8198154999998,54,74.54888205555555,Medium,Medium
18202,24,17,3470.6605259999997,457,150.89828373913042,High,High
18212,109,21,2404.1408386999997,327,55.91025206279069,Medium,Medium
18219,220,12,996.4822747999999,97,41.52009478333333,Medium,Medium
18223,88,32,3570.9822063999995,149,59.516370106666656,High,High
18225,257,2,113.23881499999999,38,37.746271666666665,Low,Low
18226,131,11,1156.9383696,55,52.588107709090906,Medium,Medium
18229,124,13,2189.4349337999997,40,128.79029022352938,Medium,Medium
18230,203,2,130.4202474,2,65.2101237,Low,Low
18233,109,1,75.71964999999999,50,75.71964999999999,Low,Low
18239,35,27,5883.338444,140,113.14112392307692,High,High
18245,34,30,6854.5885714,86,124.62888311636362,High,High
18250,19,6,1944.5961516,117,92.59981674285714,Medium,Medium
18256,180,2,69.68314240000001,4,17.420785600000002,Low,Low
18259,271,3,770.459148,46,110.06559257142858,Low,Low
18260,88,19,2434.4107933,141,60.8602698325,Medium,Medium
18269,195,2,140.1229492,10,17.51536865,Low,Low
18277,70,1,274.46819999999997,2,274.46819999999997,Low,Low
18283,83,53,6450.9243227,155,63.24435610490196,High,High
