CustomerID,Recency,Frequency,Monetary,R_Score,F_Score,M_Score,RFM_Total,Segment,Cluster,Cluster_Name
12346,108,1,171.7258874,3,1,1,5,Silver,1,Silver
12347,60,31,10632.890268,3,4,4,11,Premium,3,Gold
12348,74,8,1341.2747419999998,3,2,2,7,Silver,1,Silver
12350,18,11,1080.9668493999998,4,2,2,8,Gold,1,Silver
12356,108,13,1648.2813185999998,3,3,3,9,Gold,1,Silver
12359,131,3,578.2054248,3,1,1,5,Silver,1,Silver
12370,190,44,6170.7470032,2,4,4,10,Premium,3,Gold
12373,25,5,433.45372439999994,4,1,1,6,Silver,1,Silver
12377,41,37,9099.9314788,4,4,4,12,Premium,3,Gold
12383,100,39,4997.0512146,3,4,4,11,Premium,3,Gold
12386,157,6,518.0164285999999,2,2,1,5,Silver,1,Silver
12388,115,10,623.5908701,3,2,2,7,Silver,1,Silver
12393,123,13,1968.9257624000002,3,3,3,9,Gold,1,Silver
12395,165,14,1315.2029691999999,2,3,2,7,Silver,1,Silver
12402,95,6,547.4696968,3,2,1,6,Silver,1,Silver
12410,11,14,1870.5229408999999,4,3,3,10,Premium,1,Silver
12413,132,10,2878.1479646000003,3,2,3,8,Gold,1,Silver
12414,18,6,465.87736759999996,4,2,1,7,Silver,1,Silver
12415,141,24,2856.0569277,2,4,3,9,Gold,1,Silver
12417,75,15,1656.8202024,3,3,3,9,Gold,1,Silver
12421,77,6,1899.8714114,3,2,3,8,Gold,1,Silver
12422,103,9,804.1464136,3,2,2,7,Silver,1,Silver
12423,173,8,793.8481415,2,2,2,6,Silver,0,Standard
12427,171,3,1261.3027448,2,1,2,5,Silver,0,Standard
12429,263,10,2510.9840273,1,2,3,6,Silver,0,Standard
12431,41,32,5003.910620199999,4,4,4,12,Premium,1,Silver
12433,266,55,16417.469525599998,1,4,4,9,Gold,3,Gold
12434,223,1,43.251968,1,1,1,3,Standard,0,Standard
12437,18,14,1880.4233786999998,4,3,3,10,Premium,1,Silver
12441,278,11,1296.2111267999999,1,2,2,5,Silver,0,Standard
12451,104,57,7970.140997099999,3,4,4,11,Premium,3,Gold
12464,14,6,928.8488770999999,4,2,2,8,Gold,1,Silver
12468,52,7,1200.2527903999999,4,2,2,8,Gold,1,Silver
12471,16,70,12373.714420299999,4,4,4,12,Premium,3,Gold
12472,63,67,11263.8378042,3,4,4,11,Premium,3,Gold
12474,61,27,5961.2532095999995,3,4,4,11,Premium,1,Silver
12476,34,13,2805.5564655999997,4,3,3,10,Premium,1,Silver
12477,27,2,190.09463449999998,4,1,1,6,Silver,1,Silver
12480,148,14,1286.3321248,2,3,2,7,Silver,1,Silver
12481,152,13,9669.5421784,2,3,4,9,Gold,1,Silver
12483,167,6,972.9897612,2,2,2,6,Silver,0,Standard
12484,150,35,5371.5206384,2,4,4,10,Premium,1,Silver
12489,151,6,756.1995463999999,2,2,2,6,Silver,1,Silver
12490,124,22,2574.4727792,3,3,3,9,Gold,1,Silver
12494,165,5,361.1644207,2,1,1,4,Standard,0,Standard
12500,141,3,82.7026944,2,1,1,4,Standard,1,Silver
12501,42,71,9206.1659688,4,4,4,12,Premium,3,Gold
12502,16,21,3838.8877486999995,4,3,4,11,Premium,1,Silver
12503,158,1,15.5717835,2,1,1,4,Standard,1,Silver
12510,105,12,1175.4991555,3,3,2,8,Gold,1,Silver
12515,172,4,1241.9672028,2,1,2,5,Silver,0,Standard
12523,132,3,478.74164959999996,3,1,1,5,Silver,1,Silver
12524,140,5,534.7422,2,1,1,4,Standard,1,Silver
12527,108,6,1208.4102334,3,2,2,7,Silver,1,Silver
12528,35,22,3843.5323311999996,4,3,4,11,Premium,1,Silver
12530,152,8,1181.3331071999999,2,2,2,6,Silver,1,Silver
12539,54,100,16646.9517328,4,4,4,12,Premium,3,Gold
12540,22,32,3620.1322184,4,4,4,12,Premium,1,Silver
12551,189,9,1269.1010476,2,2,2,6,Silver,0,Standard
12553,70,14,1520.7874536,3,3,2,8,Gold,1,Silver
12557,137,4,278.9957728,2,1,1,4,Standard,1,Silver
12559,21,11,2628.766999,4,2,3,9,Gold,1,Silver
12567,11,71,10284.5897517,4,4,4,12,Premium,3,Gold
12574,46,5,1458.277544,4,1,2,7,Silver,1,Silver
12577,203,33,4784.755185599999,2,4,4,10,Premium,0,Standard
12578,57,40,5059.4456736,3,4,4,11,Premium,3,Gold
12583,152,15,2731.2135064,2,3,3,8,Gold,1,Silver
12585,161,26,4085.3230352,2,4,4,10,Premium,1,Silver
12586,303,1,19.816927399999997,1,1,1,3,Standard,0,Standard
12591,60,21,3913.02988,3,3,4,10,Premium,1,Silver
12594,93,5,666.9099218999999,3,1,2,6,Silver,1,Silver
12600,16,8,659.8320918,4,2,2,8,Gold,1,Silver
12601,137,4,514.9776752,2,1,1,4,Standard,1,Silver
12605,257,2,273.1368078,1,1,1,3,Standard,0,Standard
12609,66,4,401.728677,3,1,1,5,Silver,1,Silver
12621,188,20,2230.9865327999996,2,3,3,8,Gold,0,Standard
12625,16,24,5859.9647675999995,4,4,4,12,Premium,1,Silver
12626,28,34,4423.5061626,4,4,4,12,Premium,1,Silver
12637,57,26,3583.4899048999996,3,4,3,10,Premium,1,Silver
12643,136,1,60.71953760000001,2,1,1,4,Standard,1,Silver
12645,52,8,2063.0875272,4,2,3,9,Gold,1,Silver
12647,189,28,3320.8481626,2,4,3,9,Gold,0,Standard
12649,258,1,25.9641508,1,1,1,3,Standard,0,Standard
12651,145,7,2004.6618432,2,2,3,7,Silver,1,Silver
12652,88,26,2562.7219066,3,4,3,10,Premium,1,Silver
12662,13,16,2850.8328893,4,3,3,10,Premium,1,Silver
12664,91,5,719.8846338,3,1,2,6,Silver,1,Silver
12665,104,2,103.38916799999998,3,1,1,5,Silver,1,Silver
12666,206,2,38.633854799999995,2,1,1,4,Standard,0,Standard
12668,32,38,5856.452156599999,4,4,4,12,Premium,3,Gold
12672,124,3,264.39205599999997,3,1,1,5,Silver,1,Silver
12673,114,11,1377.9885301999998,3,2,2,7,Silver,1,Silver
12676,22,10,1032.7789074999998,4,2,2,8,Gold,1,Silver
12678,173,3,212.8642473,2,1,1,4,Standard,0,Standard
12681,29,88,14402.606746099998,4,4,4,12,Premium,3,Gold
12682,21,68,10964.634641499999,4,4,4,12,Premium,3,Gold
12683,93,38,8823.5534491,3,4,4,11,Premium,3,Gold
12686,335,6,933.1399795999998,1,2,2,5,Silver,0,Standard
12691,66,8,1122.045418,3,2,2,7,Silver,1,Silver
12693,79,4,1593.1998665999997,3,1,2,6,Silver,1,Silver
12705,187,13,1332.8841650999998,2,3,2,7,Silver,0,Standard
12708,124,21,2395.6468858,3,3,3,9,Gold,1,Silver
12709,54,16,2655.8064808,4,3,3,10,Premium,1,Silver
12712,11,27,3183.853049,4,4,3,11,Premium,1,Silver
12720,35,26,5743.347726,4,4,4,12,Premium,1,Silver
12721,179,10,1935.0035696999998,2,2,3,7,Silver,0,Standard
12724,133,7,489.687904,2,2,1,5,Silver,1,Silver
12725,326,14,4115.306804,1,3,4,8,Gold,0,Standard
12726,45,16,1645.2397002,4,3,3,10,Premium,1,Silver
12727,82,8,900.5901597999999,3,2,2,7,Silver,1,Silver
12728,135,7,542.8951488,2,2,1,5,Silver,1,Silver
12731,35,38,10939.851084599999,4,4,4,12,Premium,3,Gold
12734,172,2,96.0830862,2,1,1,4,Standard,0,Standard
12735,42,18,2757.7544489,4,3,3,10,Premium,1,Silver
12736,138,1,137.684264,2,1,1,4,Standard,1,Silver
12738,336,8,1673.8434201999999,1,2,3,6,Silver,0,Standard
12744,69,34,9544.908200799999,3,4,4,11,Premium,3,Gold
12747,95,10,1364.6207775999999,3,2,2,7,Silver,1,Silver
12748,108,328,71251.0136721,3,4,4,11,Premium,2,Premium
12753,153,20,2135.9075887999998,2,3,3,8,Gold,1,Silver
12754,11,17,2966.5742029999997,4,3,3,10,Premium,1,Silver
12755,264,1,51.5629676,1,1,1,3,Standard,0,Standard
12763,305,8,861.2798869999999,1,2,2,5,Silver,0,Standard
12764,56,28,4721.1227264,4,4,4,12,Premium,1,Silver
12766,143,28,4182.3160348,2,4,4,10,Premium,1,Silver
12775,14,7,1065.5698227999999,4,2,2,8,Gold,1,Silver
12778,31,3,453.03428339999994,4,1,1,6,Silver,1,Silver
12779,8,15,1971.8171131999998,4,3,3,10,Premium,1,Silver
12782,65,32,3795.0506815,3,4,4,11,Premium,1,Silver
12785,246,8,786.9782091,1,2,2,5,Silver,0,Standard
12791,363,2,139.4088916,1,1,1,3,Standard,0,Standard
12793,145,11,2072.388388,2,2,3,7,Silver,1,Silver
12797,213,7,419.7822258,2,2,1,5,Silver,0,Standard
12808,303,5,436.57253779999996,1,1,1,3,Standard,0,Standard
12820,112,5,552.0513834,3,1,1,5,Silver,1,Silver
12826,54,31,6276.332966,4,4,4,12,Premium,1,Silver
12829,90,6,849.4444569999999,3,2,2,7,Silver,1,Silver
12836,26,19,2512.1155511999996,4,3,3,10,Premium,1,Silver
12838,361,28,5163.1661624,1,4,4,9,Gold,0,Standard
12839,186,23,3066.1512756999996,2,3,3,8,Gold,0,Standard
12841,35,49,10638.0148626,4,4,4,12,Premium,3,Gold
12842,9,9,2082.1230444999997,4,2,3,9,Gold,1,Silver
12853,29,12,1728.0433247,4,3,3,10,Premium,1,Silver
12854,69,23,4350.9673188,3,3,4,10,Premium,1,Silver
12855,349,3,821.5982969999999,1,1,2,4,Standard,0,Standard
12865,210,1,172.76659999999998,2,1,1,4,Standard,0,Standard
12867,213,24,2980.2691274,2,4,3,9,Gold,0,Standard
12868,50,19,5163.3125463999995,4,3,4,11,Premium,1,Silver
12870,270,1,59.610323,1,1,1,3,Standard,0,Standard
12872,116,31,4145.6962822,3,4,4,11,Premium,1,Silver
12875,240,1,6.96096,1,1,1,3,Standard,0,Standard
12877,123,11,1118.3439300999999,3,2,2,7,Silver,1,Silver
12908,33,1,195.5824,4,1,1,6,Silver,1,Silver
12913,289,2,74.2164088,1,1,1,3,Standard,0,Standard
12915,344,7,1097.1392443999998,1,2,2,5,Silver,0,Standard
12916,87,19,3879.9233655999997,3,3,4,10,Premium,1,Silver
12921,165,30,5394.9245708,2,4,4,10,Premium,1,Silver
12924,118,1,23.753430099999996,3,1,1,5,Silver,1,Silver
12928,204,8,313.1433088,2,2,1,5,Silver,0,Standard
12929,26,5,679.9894161999999,4,1,2,7,Silver,1,Silver
12931,186,2,25.5890804,2,1,1,4,Standard,0,Standard
12935,77,2,8880.975787200001,3,1,4,8,Gold,1,Silver
12939,146,2,225.4064776,2,1,1,4,Standard,1,Silver
12942,265,7,791.0028215,1,2,2,5,Silver,0,Standard
12944,179,7,1022.0004994,2,2,2,6,Silver,0,Standard
12947,66,25,4403.530075,3,4,4,11,Premium,1,Silver
12951,81,6,902.436539,3,2,2,7,Silver,1,Silver
12956,1,14,2239.2894184999996,4,3,3,10,Premium,1,Silver
12957,153,13,1198.4457198,2,3,2,7,Silver,1,Silver
12963,265,6,924.3425798999999,1,2,2,5,Silver,0,Standard
12967,192,10,1425.2177781999999,2,2,2,6,Silver,0,Standard
12970,89,2,507.96373800000003,3,1,1,5,Silver,1,Silver
12971,13,31,3837.0981032,4,4,4,12,Premium,1,Silver
12980,131,4,1052.4183635,3,1,2,6,Silver,1,Silver
12989,118,2,158.553676,3,1,1,5,Silver,1,Silver
12990,18,2,409.2797925,4,1,1,6,Silver,1,Silver
12997,41,7,779.1504047999999,4,2,2,8,Gold,1,Silver
13000,252,8,849.5443416999999,1,2,2,5,Silver,0,Standard
13001,66,23,2086.1948632,3,3,3,9,Gold,1,Silver
13002,66,5,808.352049,3,1,2,6,Silver,1,Silver
13004,52,37,4895.6698808,4,4,4,12,Premium,1,Silver
13008,95,8,1587.7999329999998,3,2,2,7,Silver,1,Silver
13011,336,3,211.86816720000002,1,1,1,3,Standard,0,Standard
13013,332,28,4870.9970459999995,1,4,4,9,Gold,0,Standard
13021,202,6,1571.1408673999997,2,2,2,6,Silver,0,Standard
13027,178,4,323.109875,2,1,1,4,Standard,0,Standard
13029,173,1,14.995495499999999,2,1,1,4,Standard,0,Standard
13030,292,16,2064.2525538,1,3,3,7,Silver,0,Standard
13033,188,5,491.38145999999995,2,1,1,4,Standard,0,Standard
13034,307,4,208.3717872,1,1,1,3,Standard,0,Standard
13047,14,26,2639.5779979,4,4,3,11,Premium,1,Silver
13048,117,17,2588.7355144,3,3,3,9,Gold,1,Silver
13049,66,3,241.30401539999997,3,1,1,5,Silver,1,Silver
13050,5,60,8967.215089899999,4,4,4,12,Premium,3,Gold
13064,117,1,180.1796431,3,1,1,5,Silver,1,Silver
13065,350,7,1384.3123606,1,2,2,5,Silver,0,Standard
13068,82,1,6.9009,3,1,1,5,Silver,1,Silver
13069,4,68,7381.1179431,4,4,4,12,Premium,3,Gold
13077,269,4,1461.1118680000002,1,1,2,4,Standard,0,Standard
13078,52,24,3366.7420832999996,4,4,3,11,Premium,1,Silver
13081,123,117,19401.7698386,3,4,4,11,Premium,3,Gold
13082,161,6,968.1277038,2,2,2,6,Silver,1,Silver
13089,21,176,24176.6781384,4,4,4,12,Premium,3,Gold
13090,93,9,1276.8883825999999,3,2,2,7,Silver,1,Silver
13092,208,4,252.8655145,2,1,1,4,Standard,0,Standard
13093,20,65,10341.2010063,4,4,4,12,Premium,3,Gold
13094,154,4,375.2411944,2,1,1,4,Standard,1,Silver
13097,159,18,2944.521127,2,3,3,8,Gold,1,Silver
13098,59,14,2035.5740336,3,3,3,9,Gold,1,Silver
13102,8,54,7573.6520697999995,4,4,4,12,Premium,3,Gold
13104,179,1,113.2071,2,1,1,4,Standard,0,Standard
13107,119,10,2355.4075714,3,2,3,8,Gold,1,Silver
13108,348,3,516.3426271999999,1,1,1,3,Standard,0,Standard
13110,22,8,798.6832657999998,4,2,2,8,Gold,1,Silver
13113,8,29,18610.5954201,4,4,4,12,Premium,3,Gold
13115,153,2,218.8026544,2,1,1,4,Standard,1,Silver
13117,76,12,2065.9129513,3,3,3,9,Gold,1,Silver
13124,205,30,3455.1094983999997,2,4,3,9,Gold,0,Standard
13126,137,18,2070.2771009999997,2,3,3,8,Gold,1,Silver
13136,257,3,215.3510676,1,1,1,3,Standard,0,Standard
13137,10,33,5592.8470621999995,4,4,4,12,Premium,1,Silver
13138,340,7,1414.4231781999997,1,2,2,5,Silver,0,Standard
13140,269,4,693.0424666,1,1,2,4,Standard,0,Standard
13141,22,16,2861.6802712,4,3,3,10,Premium,1,Silver
13144,137,1,43.638065600000004,2,1,1,4,Standard,1,Silver
13145,336,1,21.376730000000002,1,1,1,3,Standard,0,Standard
13148,37,78,15469.1499886,4,4,4,12,Premium,3,Gold
13155,115,38,4772.097525499999,3,4,4,11,Premium,1,Silver
13158,75,16,3129.237219,3,3,3,9,Gold,1,Silver
13161,38,2,424.57111519999995,4,1,1,6,Silver,1,Silver
13162,132,25,2951.2187872,3,4,3,10,Premium,1,Silver
13165,171,5,807.2937077999999,2,1,2,5,Silver,0,Standard
13168,67,36,4994.487219799999,3,4,4,11,Premium,1,Silver
13173,284,15,2714.1205425999997,1,3,3,7,Silver,0,Standard
13174,49,124,18670.0605906,4,4,4,12,Premium,3,Gold
13178,221,14,1673.2088104,2,3,3,8,Gold,0,Standard
13183,147,11,1660.1501072,2,2,3,7,Silver,1,Silver
13187,153,10,1177.9750344000001,2,2,2,6,Silver,1,Silver
13198,69,39,5472.8516383999995,3,4,4,11,Premium,3,Gold
13199,19,14,1512.6721584,4,3,2,9,Gold,1,Silver
13208,12,13,1847.7628593999998,4,3,3,10,Premium,1,Silver
13209,111,10,398.891137,3,2,1,6,Silver,1,Silver
13211,225,1,61.0349856,1,1,1,3,Standard,0,Standard
13221,208,19,1949.4097112999998,2,3,3,8,Gold,0,Standard
13225,159,5,506.3657852,2,1,1,4,Standard,1,Silver
13230,12,42,9302.3010889,4,4,4,12,Premium,3,Gold
13233,148,8,1143.1327296,2,2,2,6,Silver,1,Silver
13238,215,4,426.2432496,2,1,1,4,Standard,0,Standard
13240,262,15,1403.3362022,1,3,2,6,Silver,0,Standard
13246,110,18,2099.6153608,3,3,3,9,Gold,1,Silver
13253,166,5,504.7684305,2,1,1,4,Standard,0,Standard
13255,361,4,1193.8738043999997,1,1,2,4,Standard,0,Standard
13263,105,18,2034.3125526999997,3,3,3,9,Gold,1,Silver
13266,203,1,45.36717420000001,2,1,1,4,Standard,0,Standard
13267,131,26,13562.0412636,3,4,4,11,Premium,3,Gold
13269,228,17,2639.3965696,1,3,3,7,Silver,0,Standard
13270,269,1,77.6711,1,1,1,3,Standard,0,Standard
13280,47,39,7233.2518064,4,4,4,12,Premium,3,Gold
13284,93,6,680.632428,3,2,2,7,Silver,1,Silver
13295,210,5,602.8560656,2,1,1,4,Standard,0,Standard
13304,170,3,715.0071924,2,1,2,5,Silver,0,Standard
13305,346,3,451.68010929999997,1,1,1,3,Standard,0,Standard
13309,9,22,3261.8514831999996,4,3,3,10,Premium,1,Silver
13310,70,12,1684.9544013999998,3,3,3,9,Gold,1,Silver
13313,169,3,471.375903,2,1,1,4,Standard,0,Standard
13317,202,8,1007.2626243999998,2,2,2,6,Silver,0,Standard
13319,168,42,6193.2413828,2,4,4,10,Premium,3,Gold
13324,35,7,2170.8424511999997,4,2,3,9,Gold,1,Silver
13327,257,8,841.6685571999999,1,2,2,5,Silver,0,Standard
13328,49,10,1989.2618383999998,4,2,3,9,Gold,1,Silver
13329,177,5,465.59872939999997,2,1,1,4,Standard,0,Standard
13330,45,7,1149.8944735999999,4,2,2,8,Gold,1,Silver
13368,157,1,138.800685,2,1,1,4,Standard,1,Silver
13369,177,11,1586.8742611999999,2,2,2,6,Silver,0,Standard
13370,268,23,3047.8807768,1,3,3,7,Silver,0,Standard
13385,124,15,2878.8278016,3,3,3,9,Gold,1,Silver
13394,16,10,953.4101357999999,4,2,2,8,Gold,1,Silver
13396,35,10,2208.9496673999997,4,2,3,9,Gold,1,Silver
13397,167,4,518.2465007999999,2,1,1,4,Standard,0,Standard
13402,336,9,1363.0737388,1,2,2,5,Silver,0,Standard
13405,66,3,289.9764378,3,1,1,5,Silver,1,Silver
13408,33,42,7796.6751386999995,4,4,4,12,Premium,3,Gold
13418,207,24,3569.5230684,2,4,3,9,Gold,0,Standard
13426,152,12,951.7596876,2,3,2,7,Silver,1,Silver
13448,225,22,2433.8567943999997,1,3,3,7,Silver,0,Standard
13451,143,13,1653.9495623999999,2,3,3,8,Gold,1,Silver
13455,119,19,2979.5084964999996,3,3,3,9,Gold,1,Silver
13458,105,29,3490.0309162999997,3,4,3,10,Premium,1,Silver
13468,20,38,7401.919271399999,4,4,4,12,Premium,3,Gold
13473,126,3,501.6166592,3,1,1,5,Silver,1,Silver
13481,291,1,14.443528,1,1,1,3,Standard,0,Standard
13487,173,3,344.9787102,2,1,1,4,Standard,0,Standard
13488,12,76,9561.0420175,4,4,4,12,Premium,3,Gold
13491,20,22,3843.5304290999998,4,3,4,11,Premium,1,Silver
13494,26,10,895.0315013,4,2,2,8,Gold,1,Silver
13495,210,12,1545.0696189999999,2,3,2,7,Silver,0,Standard
13496,194,11,1207.0444264,2,2,2,6,Silver,0,Standard
13497,301,8,730.6565707999999,1,2,2,5,Silver,0,Standard
13502,97,1,105.48939539999999,3,1,1,5,Silver,1,Silver
13506,30,21,3263.8854302,4,3,3,10,Premium,1,Silver
13520,101,20,2875.8096266,3,3,3,9,Gold,1,Silver
13523,270,12,1605.6962439,1,3,2,6,Silver,0,Standard
13527,115,1,59.416966599999995,3,1,1,5,Silver,1,Silver
13531,269,4,6009.2069892,1,1,4,6,Silver,0,Standard
13534,48,23,3381.2410339,4,3,3,10,Premium,1,Silver
13538,45,1,32.0813008,4,1,1,6,Silver,1,Silver
13539,13,8,907.3022782999999,4,2,2,8,Gold,1,Silver
13551,77,3,961.6108578,3,1,2,6,Silver,1,Silver
13552,45,3,278.7344816,4,1,1,6,Silver,1,Silver
13564,174,40,6723.5027769,2,4,4,10,Premium,3,Gold
13565,143,8,844.7166408,2,2,2,6,Silver,1,Silver
13569,286,10,1495.2398993,1,2,2,5,Silver,0,Standard
13576,18,15,1877.4548989999998,4,3,3,10,Premium,1,Silver
13579,305,5,395.93628939999996,1,1,1,3,Standard,0,Standard
13581,13,5,704.4829027,4,1,2,7,Silver,1,Silver
13584,3,16,2168.0277137,4,3,3,10,Premium,1,Silver
13593,147,12,2358.122296,2,3,3,8,Gold,1,Silver
13599,119,17,1569.4113026999999,3,3,2,8,Gold,1,Silver
13600,30,13,2070.5563439,4,3,3,10,Premium,1,Silver
13606,26,3,273.2385321,4,1,1,6,Silver,1,Silver
13611,212,4,874.0194840999999,2,1,2,5,Silver,0,Standard
13614,126,6,512.2151576,3,2,1,6,Silver,1,Silver
13615,35,12,1882.7455516,4,3,3,10,Premium,1,Silver
13627,190,14,1440.6707749999998,2,3,2,7,Silver,0,Standard
13629,22,5,826.0755558999999,4,1,2,7,Silver,1,Silver
13634,117,9,981.7519459,3,2,2,7,Silver,1,Silver
13649,269,6,675.0078331,1,2,2,5,Silver,0,Standard
13652,303,5,398.76626799999997,1,1,1,3,Standard,0,Standard
13656,154,9,2070.2083926,2,2,3,7,Silver,1,Silver
13659,86,32,4163.5798369,3,4,4,11,Premium,1,Silver
13668,13,31,3818.4490054,4,4,4,12,Premium,1,Silver
13672,135,3,223.1270816,2,1,1,4,Standard,1,Silver
13680,152,44,5908.4411792,2,4,4,10,Premium,3,Gold
13693,105,1,51.484097799999994,3,1,1,5,Silver,1,Silver
13694,12,37,4972.4084753,4,4,4,12,Premium,1,Silver
13700,117,14,1105.2406575,3,3,2,8,Gold,1,Silver
13703,70,1,234.4042,3,1,1,5,Silver,1,Silver
13705,363,7,1216.1006605999999,1,2,2,5,Silver,0,Standard
13707,42,23,3541.8345584,4,3,3,10,Premium,1,Silver
13709,41,19,2306.7872256,4,3,3,10,Premium,1,Silver
13715,153,48,6819.7486412,2,4,4,10,Premium,3,Gold
13725,9,30,3584.9685371999994,4,4,3,11,Premium,1,Silver
13728,20,5,732.9605260999999,4,1,2,7,Silver,1,Silver
13742,82,42,8278.7490466,3,4,4,11,Premium,3,Gold
13747,363,1,144.97733899999997,1,1,1,3,Standard,0,Standard
13748,365,1,7.6180088,1,1,1,3,Standard,0,Standard
13750,152,1,8.2360176,2,1,1,4,Standard,1,Silver
13754,59,5,829.8209631999999,3,1,2,6,Silver,1,Silver
13756,202,8,1284.2872581999998,2,2,2,6,Silver,0,Standard
13758,146,18,2066.871239,2,3,3,8,Gold,1,Silver
13764,155,29,4018.9940874,2,4,4,10,Premium,1,Silver
13767,138,37,5562.962527299999,2,4,4,10,Premium,3,Gold
13769,88,21,2661.7726817,3,3,3,9,Gold,1,Silver
13777,19,47,5957.6635656,4,4,4,12,Premium,3,Gold
13782,118,22,2538.7677716999997,3,3,3,9,Gold,1,Silver
13784,24,4,246.58617279999999,4,1,1,6,Silver,1,Silver
13786,284,2,479.65240769999997,1,1,1,3,Standard,0,Standard
13787,245,5,331.98901920000003,1,1,1,3,Standard,0,Standard
13798,82,67,9450.9544535,3,4,4,11,Premium,3,Gold
13800,14,23,2532.1551987999997,4,3,3,10,Premium,1,Silver
13802,26,11,1040.6123344,4,2,2,8,Gold,1,Silver
13807,281,4,938.4770747999999,1,1,2,4,Standard,0,Standard
13815,71,31,7700.916615599999,3,4,4,11,Premium,3,Gold
13817,171,2,165.3683364,2,1,1,4,Standard,0,Standard
13819,13,15,2761.0701854,4,3,3,10,Premium,1,Silver
13824,19,9,668.6301847999999,4,2,2,8,Gold,1,Silver
13829,203,1,17.9144074,2,1,1,4,Standard,0,Standard
13831,319,2,264.4534256,1,1,1,3,Standard,0,Standard
13837,63,5,1048.7489544,3,1,2,6,Silver,1,Silver
13838,324,35,5537.3024432,1,4,4,9,Gold,0,Standard
13842,13,18,5974.595055399999,4,3,4,11,Premium,1,Silver
13846,213,8,1062.6093978,2,2,2,6,Silver,0,Standard
13848,269,1,128.118065,1,1,1,3,Standard,0,Standard
13854,22,24,2604.0096324,4,4,3,11,Premium,1,Silver
13859,109,16,1865.0249124999998,3,3,3,9,Gold,1,Silver
13862,119,18,2925.2726623999997,3,3,3,9,Gold,1,Silver
13869,35,40,10011.117662999999,4,4,4,12,Premium,3,Gold
13871,12,16,2505.1055826999996,4,3,3,10,Premium,1,Silver
13873,17,3,306.9848828,4,1,1,6,Silver,1,Silver
13874,193,10,781.5047940999999,2,2,2,6,Silver,0,Standard
13880,284,5,914.47003,1,1,2,4,Standard,0,Standard
13881,28,7,1514.4558955999996,4,2,2,8,Gold,1,Silver
13883,109,1,30.5441,3,1,1,5,Silver,1,Silver
13890,59,8,1234.3035068,3,2,2,7,Silver,1,Silver
13894,19,6,602.4949918,4,2,1,7,Silver,1,Silver
13898,108,2,295.42844859999997,3,1,1,5,Silver,1,Silver
13901,75,8,702.8145711999999,3,2,2,7,Silver,1,Silver
13911,5,14,2337.0356715999997,4,3,3,10,Premium,1,Silver
13922,171,3,347.6068622,2,1,1,4,Standard,0,Standard
13929,88,2,1882.0439454,3,1,3,7,Silver,1,Silver
13939,20,10,1081.8760516999998,4,2,2,8,Gold,1,Silver
13941,326,9,889.8490947999999,1,2,2,5,Silver,0,Standard
13948,224,2,132.4111008,1,1,1,3,Standard,0,Standard
13953,172,1,12.491664,2,1,1,4,Standard,0,Standard
13958,337,4,450.9410229999999,1,1,1,3,Standard,0,Standard
13959,236,7,903.1175632,1,2,2,5,Silver,0,Standard
13963,6,16,4405.872339199999,4,3,4,11,Premium,1,Silver
13969,89,18,3121.8326742,3,3,3,9,Gold,1,Silver
13982,112,30,3679.7754548,3,4,4,11,Premium,1,Silver
13983,110,18,7882.571026799999,3,3,4,10,Premium,1,Silver
13984,105,4,143.603315,3,1,1,5,Silver,1,Silver
13993,127,3,482.8863152,3,1,1,5,Silver,1,Silver
13999,90,20,2827.2728662,3,3,3,9,Gold,1,Silver
14001,357,6,1070.536872,1,2,2,5,Silver,0,Standard
14006,30,4,532.7313967999999,4,1,1,6,Silver,1,Silver
14016,188,16,1356.1723739,2,3,2,7,Silver,0,Standard
14030,266,17,4572.0127192,1,3,4,8,Gold,0,Standard
14031,98,21,3072.148553,3,3,3,9,Gold,1,Silver
14032,171,19,3294.3263804,2,3,3,8,Gold,0,Standard
14037,249,16,1448.5297434,1,3,2,6,Silver,0,Standard
14040,40,38,7161.4763632,4,4,4,12,Premium,3,Gold
14044,15,45,5613.551701099999,4,4,4,12,Premium,3,Gold
14045,159,4,148.3427882,2,1,1,4,Standard,1,Silver
14047,153,4,348.9868646,2,1,1,4,Standard,1,Silver
14049,64,57,10830.2529964,3,4,4,11,Premium,3,Gold
14051,41,24,3458.6794053999997,4,4,3,11,Premium,1,Silver
14057,215,23,2955.6713007999997,2,3,3,8,Gold,0,Standard
14060,65,25,3765.9921504999998,3,4,4,11,Premium,1,Silver
14062,95,33,4387.8929608,3,4,4,11,Premium,1,Silver
14068,82,10,2105.6102663,3,2,3,8,Gold,1,Silver
14078,357,3,2428.7010864,1,1,3,5,Silver,0,Standard
14081,305,24,4438.507879899999,1,4,4,9,Gold,0,Standard
14082,251,19,2366.2851572,1,3,3,7,Silver,0,Standard
14083,175,44,6737.5370958,2,4,4,10,Premium,3,Gold
14085,14,73,10185.3910552,4,4,4,12,Premium,3,Gold
14088,90,51,9360.7365697,3,4,4,11,Premium,3,Gold
14090,103,1,15.256631999999998,3,1,1,5,Silver,1,Silver
14092,89,26,2802.2972151,3,4,3,10,Premium,1,Silver
14099,119,34,5710.157887699999,3,4,4,11,Premium,1,Silver
14101,112,1,104.9352022,3,1,1,5,Silver,1,Silver
14107,178,9,1114.6788217,2,2,2,6,Silver,0,Standard
14113,27,7,586.8770832,4,2,1,7,Silver,1,Silver
14114,127,5,1004.0435051999999,3,1,2,6,Silver,1,Silver
14119,177,1,19.695607799999998,2,1,1,4,Standard,0,Standard
14127,20,13,1587.2057677999996,4,3,2,9,Gold,1,Silver
14130,76,41,10308.8551574,3,4,4,11,Premium,3,Gold
14133,14,11,1744.3333505,4,2,3,9,Gold,1,Silver
14135,114,36,4796.3978329,3,4,4,11,Premium,1,Silver
14142,351,21,3403.6450603999992,1,3,3,7,Silver,0,Standard
14146,46,31,8157.560296399999,4,4,4,12,Premium,3,Gold
14150,212,6,584.0800737999999,2,2,1,5,Silver,0,Standard
14156,14,43,6681.2655460999995,4,4,4,12,Premium,3,Gold
14159,242,22,2226.0362328,1,3,3,7,Silver,0,Standard
14161,312,13,2322.2286672,1,3,3,7,Silver,0,Standard
14167,129,7,1206.4991616,3,2,2,7,Silver,1,Silver
14175,88,7,1683.2424138000001,3,2,3,8,Gold,1,Silver
14176,114,8,423.9290634,3,2,1,6,Silver,1,Silver
14180,16,41,19733.7165828,4,4,4,12,Premium,3,Gold
14185,130,1,96.86169600000001,3,1,1,5,Silver,1,Silver
14188,19,8,1021.3063464999998,4,2,2,8,Gold,1,Silver
14189,67,26,4861.5613808,3,4,4,11,Premium,1,Silver
14194,5,20,3212.9547327999994,4,3,3,10,Premium,1,Silver
14201,207,3,249.59737199999998,2,1,1,4,Standard,0,Standard
14205,259,9,1452.7553371,1,2,2,5,Silver,0,Standard
14206,224,1,244.6384,1,1,1,3,Standard,0,Standard
14209,135,8,1949.8275552,2,2,3,7,Silver,1,Silver
14210,167,17,3149.071507,2,3,3,8,Gold,1,Silver
14213,335,2,90.65528560000001,1,1,1,3,Standard,0,Standard
14215,41,30,3027.1445347999997,4,4,3,11,Premium,1,Silver
14217,23,11,843.2321532,4,2,2,8,Gold,1,Silver
14220,193,9,730.5209666,2,2,2,6,Silver,0,Standard
14221,166,10,2159.512405,2,2,3,7,Silver,1,Silver
14224,83,22,3682.7392965,3,3,4,10,Premium,1,Silver
14229,42,12,1545.7888679999999,4,3,2,9,Gold,1,Silver
14233,21,12,1783.4737492999998,4,3,3,10,Premium,1,Silver
14236,335,3,249.99150299999997,1,1,1,3,Standard,0,Standard
14237,357,6,846.5291933999999,1,2,2,5,Silver,0,Standard
14238,111,5,764.9109876,3,1,2,6,Silver,1,Silver
14239,50,3,434.8334192,4,1,1,6,Silver,1,Silver
14242,109,5,709.9970923999999,3,1,2,6,Silver,1,Silver
14243,62,14,3421.0124173,3,3,3,9,Gold,1,Silver
14248,66,1,231.47967,3,1,1,5,Silver,1,Silver
14256,249,15,2867.1515502999996,1,3,3,7,Silver,0,Standard
14257,74,18,3776.2654415999996,3,3,4,10,Premium,1,Silver
14258,158,10,1208.8584393,2,2,2,6,Silver,1,Silver
14264,336,1,28.3324738,1,1,1,3,Standard,0,Standard
14270,132,11,1620.6125688,3,3,3,9,Gold,1,Silver
14282,286,8,881.5004852,1,2,2,5,Silver,0,Standard
14290,50,12,2994.8424732,4,3,3,10,Premium,1,Silver
14292,109,3,425.26767199999995,3,1,1,5,Silver,1,Silver
14293,303,5,736.5356069999999,1,1,2,4,Standard,0,Standard
14295,136,2,191.75936,2,1,1,4,Standard,1,Silver
14298,33,99,15010.1758571,4,4,4,12,Premium,3,Gold
14299,51,20,2974.9816038,4,3,3,10,Premium,1,Silver
14307,100,36,7386.054125499999,3,4,4,11,Premium,3,Gold
14309,17,7,710.0575893,4,2,2,8,Gold,1,Silver
14312,20,9,2853.145938,4,2,3,9,Gold,1,Silver
14320,92,17,2563.7486142,3,3,3,9,Gold,1,Silver
14321,140,16,2021.8884495999998,2,3,3,8,Gold,1,Silver
14329,121,31,3754.5103723999996,3,4,4,11,Premium,1,Silver
14334,80,17,3009.3150013,3,3,3,9,Gold,1,Silver
14341,59,12,1663.7648706,3,3,3,9,Gold,1,Silver
14344,193,13,1430.7827034,2,3,2,7,Silver,0,Standard
14355,263,8,1278.0638826,1,2,2,5,Silver,0,Standard
14368,81,8,1468.5120399999998,3,2,2,7,Silver,1,Silver
14373,195,1,128.1090596,2,1,1,4,Standard,0,Standard
14388,267,10,1636.4679615999999,1,2,3,6,Silver,0,Standard
14389,70,1,621.5722038,3,1,2,6,Silver,1,Silver
14390,346,21,3351.3728635999996,1,3,3,7,Silver,0,Standard
14395,143,34,3662.2326851999997,2,4,4,10,Premium,1,Silver
14396,327,24,3972.43536,1,4,4,9,Gold,0,Standard
14401,41,12,1472.3725710999997,4,3,2,9,Gold,1,Silver
14404,117,23,2661.3697358,3,3,3,9,Gold,1,Silver
14409,74,11,2108.368074,3,3,3,9,Gold,1,Silver
14410,1,6,828.9200956999999,4,2,2,8,Gold,1,Silver
14411,21,8,513.3208714,4,2,1,7,Silver,1,Silver
14413,237,5,2121.8726136,1,1,3,5,Silver,0,Standard
14414,201,4,215.6307598,2,1,1,4,Standard,0,Standard
14415,105,45,9138.0864952,3,4,4,11,Premium,3,Gold
14419,251,8,1483.9586199,1,2,2,5,Silver,0,Standard
14426,35,24,3269.548746,4,4,3,11,Premium,1,Silver
14428,105,8,970.8949518999999,3,2,2,7,Silver,1,Silver
14437,265,2,182.05443459999998,1,1,1,3,Standard,0,Standard
14438,1,5,410.6870111999999,4,1,1,6,Silver,1,Silver
14439,80,17,2750.772136,3,3,3,9,Gold,1,Silver
14440,56,15,4536.5896983,4,3,4,11,Premium,1,Silver
14441,90,2,47.692959,3,1,1,5,Silver,1,Silver
14442,29,20,3454.2734467,4,3,3,10,Premium,1,Silver
14443,18,16,2023.6585819999998,4,3,3,10,Premium,1,Silver
14448,244,8,657.4287864,1,2,2,5,Silver,0,Standard
14449,341,28,6577.7367451,1,4,4,9,Gold,0,Standard
14450,87,3,889.9343374,3,1,2,6,Silver,1,Silver
14457,21,1,1212.6164379999998,4,1,2,7,Silver,1,Silver
14460,20,2,317.32954199999995,4,1,1,6,Silver,1,Silver
14462,7,39,6198.857663399999,4,4,4,12,Premium,3,Gold
14466,11,11,1695.0127939999998,4,3,3,10,Premium,1,Silver
14467,33,9,2247.3642672,4,2,3,9,Gold,1,Silver
14472,146,28,5480.9847891,2,4,4,10,Premium,1,Silver
14479,262,5,378.47692520000004,1,1,1,3,Standard,0,Standard
14487,294,11,1347.2270726,1,3,2,6,Silver,0,Standard
14491,345,3,505.90042099999994,1,1,1,3,Standard,0,Standard
14496,28,3,626.1223710999999,4,1,2,7,Silver,1,Silver
14497,13,19,2151.2950706999995,4,3,3,10,Premium,1,Silver
14498,232,6,637.0391144,1,2,2,5,Silver,0,Standard
14501,81,4,908.3114999999999,3,1,2,6,Silver,1,Silver
14502,31,21,4139.896179,4,3,4,11,Premium,1,Silver
14505,150,94,10142.1707748,2,4,4,10,Premium,3,Gold
14506,308,30,5553.5932428,1,4,4,9,Gold,0,Standard
14514,129,10,1116.0614472,3,2,2,7,Silver,1,Silver
14524,223,7,877.853098,1,2,2,5,Silver,0,Standard
14525,112,18,1760.8355516,3,3,3,9,Gold,1,Silver
14527,33,84,14742.4343976,4,4,4,12,Premium,3,Gold
14532,40,11,1641.0085044,4,3,3,10,Premium,1,Silver
14533,172,6,1233.7560998,2,2,2,6,Silver,0,Standard
14534,70,22,4819.6789757999995,3,3,4,10,Premium,1,Silver
14540,13,10,1084.8683698999998,4,2,2,8,Gold,1,Silver
14541,48,42,11412.0929072,4,4,4,12,Premium,3,Gold
14543,73,10,2472.1325988999997,3,2,3,8,Gold,1,Silver
14544,231,26,4408.9179788,1,4,4,9,Gold,0,Standard
14548,66,2,294.88510379999997,3,1,1,5,Silver,1,Silver
14549,24,29,5326.7961639,4,4,4,12,Premium,1,Silver
14553,166,6,817.6578221999999,2,2,2,6,Silver,0,Standard
14560,11,13,1685.9047259,4,3,3,10,Premium,1,Silver
14565,230,17,1782.6562136,1,3,3,7,Silver,0,Standard
14572,97,43,4140.3508144,3,4,4,11,Premium,3,Gold
14573,335,36,7111.084268199999,1,4,4,9,Gold,0,Standard
14576,336,1,60.4439246,1,1,1,3,Standard,0,Standard
14577,242,19,2243.8354547999998,1,3,3,7,Silver,0,Standard
14587,25,57,8494.0075614,4,4,4,12,Premium,3,Gold
14589,333,1,256.23146399999996,1,1,1,3,Standard,0,Standard
14594,355,25,4432.871195,1,4,4,9,Gold,0,Standard
14595,39,5,644.6110256,4,1,2,7,Silver,1,Silver
14600,1,2,534.2732759999999,4,1,1,6,Silver,1,Silver
14606,1,289,51385.057806699995,4,4,4,12,Premium,2,Premium
14608,235,1,10.480049600000001,1,1,1,3,Standard,0,Standard
14616,62,1,113.2071,3,1,1,5,Silver,1,Silver
14618,158,3,530.1181355,2,1,1,4,Standard,1,Silver
14621,199,11,2449.3453971999998,2,3,3,8,Gold,0,Standard
14625,227,12,2492.0965327999997,1,3,3,7,Silver,0,Standard
14627,27,4,468.57654649999984,4,1,1,6,Silver,1,Silver
14639,195,22,2652.3284638,2,3,3,8,Gold,0,Standard
14643,173,10,936.948769,2,2,2,6,Silver,0,Standard
14646,91,114,19547.489943599998,3,4,4,11,Premium,3,Gold
14653,162,17,2308.4763622,2,3,3,8,Gold,1,Silver
14657,110,33,4642.3533548,3,4,4,11,Premium,1,Silver
14659,43,21,4925.5613328,4,3,4,11,Premium,1,Silver
14662,47,18,3540.8642231999997,4,3,3,10,Premium,1,Silver
14665,21,12,3953.4558075,4,3,4,11,Premium,1,Silver
14667,111,71,24560.4156945,3,4,4,11,Premium,3,Gold
14669,135,43,5857.7635896,2,4,4,10,Premium,3,Gold
14672,148,16,2029.376544,2,3,3,8,Gold,1,Silver
14673,286,7,1243.1742457999999,1,2,2,5,Silver,0,Standard
14679,335,1,144.97733899999997,1,1,1,3,Standard,0,Standard
14680,71,38,7117.278403,3,4,4,11,Premium,3,Gold
14684,238,24,2830.7540764,1,4,3,8,Gold,0,Standard
14688,33,38,6453.1578789,4,4,4,12,Premium,3,Gold
14692,79,18,4848.6586668,3,3,4,10,Premium,1,Silver
14696,108,26,3132.1425830999997,3,4,3,10,Premium,1,Silver
14701,53,38,6856.477118399999,4,4,4,12,Premium,3,Gold
14702,46,41,7334.4564906,4,4,4,12,Premium,3,Gold
14708,222,8,2437.6223812999997,1,2,3,6,Silver,0,Standard
14709,41,17,2386.4131382,4,3,3,10,Premium,1,Silver
14713,93,49,6368.5110746,3,4,4,11,Premium,3,Gold
14715,130,7,461.10024880000003,3,2,1,6,Silver,1,Silver
14723,192,41,6206.384015,2,4,4,10,Premium,3,Gold
14729,358,42,7808.980376099999,1,4,4,9,Gold,0,Standard
14732,167,5,317.7395664,2,1,1,4,Standard,0,Standard
14733,59,72,9702.4045479,3,4,4,11,Premium,3,Gold
14735,18,19,2507.3377133999998,4,3,3,10,Premium,1,Silver
14737,173,2,253.7671762,2,1,1,4,Standard,0,Standard
14738,51,9,1749.3799712,4,2,3,9,Gold,1,Silver
14739,162,11,864.8840736,2,3,2,7,Silver,1,Silver
14741,232,8,1375.8597068,1,2,2,5,Silver,0,Standard
14744,29,9,1548.2079823999998,4,2,2,8,Gold,1,Silver
14748,131,19,1313.9560889,3,3,2,8,Gold,1,Silver
14755,144,18,2334.4442048,2,3,3,8,Gold,1,Silver
14761,145,3,794.8219824,2,1,2,5,Silver,1,Silver
14766,258,5,743.0694523999999,1,1,2,4,Standard,0,Standard
14769,103,33,3989.0392789999996,3,4,4,11,Premium,1,Silver
14770,94,9,1076.0596913,3,2,2,7,Silver,1,Silver
14775,337,9,1443.0548391999998,1,2,2,5,Silver,0,Standard
14776,33,19,2500.7435584,4,3,3,10,Premium,1,Silver
14777,195,1,60.16226279999999,2,1,1,4,Standard,0,Standard
14778,11,15,2086.2671152999997,4,3,3,10,Premium,1,Silver
14779,90,20,6495.4809491999995,3,3,4,10,Premium,1,Silver
14782,80,3,469.15221239999994,3,1,1,5,Silver,1,Silver
14784,97,3,194.13072999999997,3,1,1,5,Silver,1,Silver
14794,142,5,673.3421312,2,1,2,5,Silver,1,Silver
14796,81,80,13222.677288699999,3,4,4,11,Premium,3,Gold
14798,18,5,859.4529904999999,4,1,2,7,Silver,1,Silver
14800,146,73,9741.8235512,2,4,4,10,Premium,3,Gold
14805,40,15,2572.55692,4,3,3,10,Premium,1,Silver
14810,4,24,5925.7733464,4,4,4,12,Premium,1,Silver
14813,320,25,2402.98974,1,4,3,8,Gold,0,Standard
14821,280,1,263.1499,1,1,1,3,Standard,0,Standard
14825,201,11,1523.9500884,2,3,2,7,Silver,0,Standard
14828,152,3,297.39899679999996,2,1,1,4,Standard,1,Silver
14829,203,19,4243.518830999999,2,3,4,9,Gold,0,Standard
14841,202,11,1724.4079884999999,2,3,3,8,Gold,0,Standard
14842,5,2,126.77642799999998,4,1,1,6,Silver,1,Silver
14849,59,31,4866.6381593999995,3,4,4,11,Premium,1,Silver
14850,26,12,1190.8309316999998,4,3,2,9,Gold,1,Silver
14865,336,1,47.74657379999999,1,1,1,3,Standard,0,Standard
14866,269,1,20.1778355,1,1,1,3,Standard,0,Standard
14867,147,8,842.8391546,2,2,2,6,Silver,1,Silver
14871,221,8,817.9119536000001,2,2,2,6,Silver,0,Standard
14878,200,6,790.1146706,2,2,2,6,Silver,0,Standard
14889,148,7,478.04886079999994,2,2,1,5,Silver,1,Silver
14895,93,1,70.43195999999999,3,1,1,5,Silver,1,Silver
14896,262,19,3237.0358601999997,1,3,3,7,Silver,0,Standard
14898,111,9,1398.275175,3,2,2,7,Silver,1,Silver
14901,222,25,4188.8204129,1,4,4,9,Gold,0,Standard
14907,222,20,4072.0616107999995,1,3,4,8,Gold,0,Standard
14911,11,276,47406.495734699995,4,4,4,12,Premium,2,Premium
14913,206,7,849.9748198,2,2,2,6,Silver,0,Standard
14916,99,7,1678.8027617999996,3,2,3,8,Gold,1,Silver
14932,263,3,762.1949749,1,1,2,4,Standard,0,Standard
14944,172,1,40.24352759999999,2,1,1,4,Standard,0,Standard
14952,247,7,511.9515479,1,2,1,4,Standard,0,Standard
14961,153,18,2891.2832976,2,3,3,8,Gold,1,Silver
14970,53,4,1263.7248016,4,1,2,7,Silver,1,Silver
14976,115,10,770.0140412999999,3,2,2,7,Silver,1,Silver
14978,62,29,4405.2616988,3,4,4,11,Premium,1,Silver
14985,191,32,3594.9615327999995,2,4,3,9,Gold,0,Standard
14987,263,1,295.5876908,1,1,1,3,Standard,0,Standard
15002,165,23,2957.7443279999998,2,3,3,8,Gold,1,Silver
15005,19,70,9427.7640651,4,4,4,12,Premium,3,Gold
15012,357,30,5676.592069599999,1,4,4,9,Gold,0,Standard
15018,287,1,260.5056728,1,1,1,3,Standard,0,Standard
15021,277,19,3110.9888115,1,3,3,7,Silver,0,Standard
15023,105,41,7232.9986897,3,4,4,11,Premium,3,Gold
15024,280,19,3759.384491,1,3,4,8,Gold,0,Standard
15028,297,7,781.002644,1,2,2,5,Silver,0,Standard
15032,271,18,1964.5307179999998,1,3,3,7,Silver,0,Standard
15033,122,14,3386.933172,3,3,3,9,Gold,1,Silver
15034,160,35,5882.113597799999,2,4,4,10,Premium,3,Gold
15038,323,23,2189.714284,1,3,3,7,Silver,0,Standard
15039,27,148,24996.7274058,4,4,4,12,Premium,3,Gold
15044,138,52,7604.6919406,2,4,4,10,Premium,3,Gold
15046,20,21,3527.2830151999997,4,3,3,10,Premium,1,Silver
15048,300,5,1474.6438600999998,1,1,2,4,Standard,0,Standard
15052,76,19,2962.6150258,3,3,3,9,Gold,1,Silver
15057,46,17,2498.01224,4,3,3,10,Premium,1,Silver
15058,29,33,4581.098630699999,4,4,4,12,Premium,1,Silver
15059,87,16,2171.2425021999998,3,3,3,9,Gold,1,Silver
15061,66,80,15219.9896256,3,4,4,11,Premium,3,Gold
15062,204,7,350.943699,2,2,1,5,Silver,0,Standard
15070,347,1,508.27505140000005,1,1,1,3,Standard,0,Standard
15078,77,30,5198.9120395,3,4,4,11,Premium,1,Silver
15079,42,17,3700.8335767999997,4,3,4,11,Premium,1,Silver
15081,281,4,426.025799,1,1,1,3,Standard,0,Standard
15090,6,15,1936.0106860999997,4,3,3,10,Premium,1,Silver
15093,162,17,3634.6303717999995,2,3,4,9,Gold,1,Silver
15100,124,6,827.9104423999999,3,2,2,7,Silver,1,Silver
15101,153,4,215.95468259999998,2,1,1,4,Standard,1,Silver
15107,23,12,1503.7827558,4,3,2,9,Gold,1,Silver
15110,73,9,1694.2392014,3,2,3,8,Gold,1,Silver
15111,346,9,2635.484998,1,2,3,6,Silver,0,Standard
15139,151,4,267.758832,2,1,1,4,Standard,1,Silver
15144,33,10,3644.4724463999996,4,2,4,10,Premium,1,Silver
15157,187,24,2365.9053037,2,4,3,9,Gold,0,Standard
15159,44,51,6743.0885522,4,4,4,12,Premium,3,Gold
15160,188,3,309.38800499999996,2,1,1,4,Standard,0,Standard
15164,167,5,436.2781263,2,2,1,5,Silver,0,Standard
15165,355,12,2139.4568572,1,3,3,7,Silver,0,Standard
15167,85,14,2510.9299218,3,3,3,9,Gold,1,Silver
15171,101,3,116.2474052,3,1,1,5,Silver,1,Silver
15174,93,1,412.0971416,3,1,1,5,Silver,1,Silver
15179,77,26,3594.094029,3,4,3,10,Premium,1,Silver
15180,283,6,448.2913068,1,2,1,4,Standard,0,Standard
15181,222,2,63.3552734,1,1,1,3,Standard,0,Standard
15189,33,7,1202.5564036,4,2,2,8,Gold,1,Silver
15192,257,9,958.6006831999999,1,2,2,5,Silver,0,Standard
15194,30,55,19205.2580923,4,4,4,12,Premium,3,Gold
15197,132,3,62.4681182,3,1,1,5,Silver,1,Silver
15199,6,1,118.7795762,4,1,1,6,Silver,1,Silver
15203,25,6,230.27895279999998,4,2,1,7,Silver,1,Silver
15204,188,7,280.7318218,2,2,1,5,Silver,0,Standard
15208,173,1,85.53867300000002,2,1,1,4,Standard,0,Standard
15211,256,8,1154.8039165,1,2,2,5,Silver,0,Standard
15213,71,9,655.8390524,3,2,2,7,Silver,1,Silver
15215,59,2,218.5404992,3,1,1,5,Silver,1,Silver
15218,73,15,2455.0785872,3,3,3,9,Gold,1,Silver
15221,271,5,325.8439966,1,2,1,4,Standard,0,Standard
15222,76,5,868.4311499999999,3,2,2,7,Silver,1,Silver
15224,195,9,338.3980134,2,2,1,5,Silver,0,Standard
15226,20,7,639.6783951999998,4,2,2,8,Gold,1,Silver
15227,59,5,951.2162352,3,2,2,7,Silver,1,Silver
15235,13,34,6807.6790666,4,4,4,12,Premium,3,Gold
15240,28,11,1761.5192171999997,4,3,3,10,Premium,1,Silver
15246,202,6,259.1347315,2,2,1,5,Silver,0,Standard
15260,346,9,1591.112027,1,2,2,5,Silver,0,Standard
15262,96,9,1384.9583567999998,3,2,2,7,Silver,1,Silver
15266,162,4,614.209716,2,1,2,5,Silver,1,Silver
15270,19,8,678.4595383,4,2,2,8,Gold,1,Silver
15271,159,16,3800.0239843,2,3,4,9,Gold,1,Silver
15279,179,7,1678.0190406,2,2,3,7,Silver,0,Standard
15281,88,27,3406.3569522,3,4,3,10,Premium,1,Silver
15288,259,10,2368.570601,1,2,3,6,Silver,0,Standard
15290,119,7,531.6663786,3,2,1,6,Silver,1,Silver
15291,79,13,910.2577468,3,3,2,8,Gold,1,Silver
15296,113,30,5424.666039,3,4,4,11,Premium,1,Silver
15298,103,17,2032.6194595999998,3,3,3,9,Gold,1,Silver
15299,337,1,321.8934273,1,1,1,3,Standard,0,Standard
15301,300,17,3203.2694531999996,1,3,3,7,Silver,0,Standard
15304,301,3,209.0604134,1,1,1,3,Standard,0,Standard
15311,13,291,68650.011373,4,4,4,12,Premium,2,Premium
15312,178,5,646.4204717,2,2,2,6,Silver,0,Standard
15316,114,1,36.85544,3,1,1,5,Silver,1,Silver
15326,140,10,1542.0999088,2,2,2,6,Silver,1,Silver
15329,257,1,96.3683415,1,1,1,3,Standard,0,Standard
15332,270,17,2383.9788648,1,3,3,7,Silver,0,Standard
15339,70,32,5052.5073806,3,4,4,11,Premium,1,Silver
15346,137,7,680.8740928000001,2,2,2,6,Silver,1,Silver
15347,269,2,97.0469758,1,1,1,3,Standard,0,Standard
15350,356,3,538.8393573999999,1,1,1,3,Standard,0,Standard
15351,321,24,17267.627724,1,4,4,9,Gold,3,Gold
15353,287,4,763.0857496,1,1,2,4,Standard,0,Standard
15356,222,58,8371.2936331,1,4,4,9,Gold,3,Gold
15358,29,69,9946.3603155,4,4,4,12,Premium,3,Gold
15361,234,5,428.55575039999997,1,2,1,4,Standard,0,Standard
15363,344,2,1061.5630442000001,1,1,2,4,Standard,0,Standard
15365,42,9,1738.8455248,4,2,3,9,Gold,1,Silver
15366,195,6,975.6455825999999,2,2,2,6,Silver,0,Standard
15370,137,2,101.81516640000001,2,1,1,4,Standard,1,Silver
15373,63,16,2168.7473674999997,3,3,3,9,Gold,1,Silver
15379,95,62,9388.7052116,3,4,4,11,Premium,3,Gold
15380,257,1,299.1549186,1,1,1,3,Standard,0,Standard
15384,210,13,1384.458784,2,3,2,7,Silver,0,Standard
15392,194,10,1247.4516430999997,2,2,2,6,Silver,0,Standard
15394,199,15,2161.3484832999998,2,3,3,8,Gold,0,Standard
15395,108,6,838.7283448,3,2,2,7,Silver,1,Silver
15415,37,38,6238.3279391999995,4,4,4,12,Premium,3,Gold
15421,19,2,504.5690042,4,1,1,6,Silver,1,Silver
15422,93,4,277.3940004,3,1,1,5,Silver,1,Silver
15426,292,33,6082.55872,1,4,4,9,Gold,0,Standard
15443,85,24,3197.1195882,3,4,3,10,Premium,1,Silver
15447,127,5,561.2816056,3,2,1,6,Silver,1,Silver
15448,35,21,4298.1393327999995,4,3,4,11,Premium,1,Silver
15454,236,11,1504.6871248,1,3,2,6,Silver,0,Standard
15456,204,12,1160.3624424,2,3,2,7,Silver,0,Standard
15460,174,33,6197.9837050999995,2,4,4,10,Premium,3,Gold
15464,160,68,12940.383362199998,2,4,4,10,Premium,3,Gold
15465,88,11,1324.8336298,3,3,2,8,Gold,1,Silver
15468,223,1,8.394392,1,1,1,3,Standard,0,Standard
15482,202,5,294.6338214,2,2,1,5,Silver,0,Standard
15485,147,12,2340.7982225,2,3,3,8,Gold,1,Silver
15497,35,9,1553.4196333999998,4,2,2,8,Gold,1,Silver
15498,79,85,9914.259869,3,4,4,11,Premium,3,Gold
15502,291,22,3709.1028419,1,3,4,8,Gold,0,Standard
15503,243,39,3427.5165792,1,4,3,8,Gold,0,Standard
15510,126,1,31.8496336,3,1,1,5,Silver,1,Silver
15512,209,4,144.5117808,2,1,1,4,Standard,0,Standard
15513,54,18,4436.926579,4,3,4,11,Premium,1,Silver
15514,221,52,6211.1006081,2,4,4,10,Premium,3,Gold
15518,70,28,4050.542603,3,4,4,11,Premium,1,Silver
15525,357,36,7508.217418799999,1,4,4,9,Gold,0,Standard
15527,44,17,2532.0534402,4,3,3,10,Premium,1,Silver
15529,96,42,6525.940084899999,3,4,4,11,Premium,3,Gold
15532,194,29,4685.916607499999,2,4,4,10,Premium,0,Standard
15535,118,30,3064.9195191999997,3,4,3,10,Premium,1,Silver
15544,344,15,2012.9101917999997,1,3,3,7,Silver,0,Standard
15545,325,12,3068.7377008,1,3,3,7,Silver,0,Standard
15547,43,48,6997.2961656,4,4,4,12,Premium,3,Gold
15549,40,33,7846.283216,4,4,4,12,Premium,3,Gold
15555,231,49,5838.276126199999,1,4,4,9,Gold,3,Gold
15562,171,1,77.1711,2,1,1,4,Standard,0,Standard
15563,201,6,1162.0761215999999,2,2,2,6,Silver,0,Standard
15569,135,1,250.77720800000003,2,1,1,4,Standard,1,Silver
15570,122,57,14361.4058331,3,4,4,11,Premium,3,Gold
15574,199,64,12212.5462084,2,4,4,10,Premium,3,Gold
15579,39,18,3148.33588,4,3,3,10,Premium,1,Silver
15581,174,17,2902.8535934,2,3,3,8,Gold,0,Standard
15587,171,2,598.75818,2,1,1,4,Standard,0,Standard
15589,21,6,1054.3053278999998,4,2,2,8,Gold,1,Silver
15596,54,18,2829.9071891,4,3,3,10,Premium,1,Silver
15601,48,88,15809.7165801,4,4,4,12,Premium,3,Gold
15602,31,12,1279.8313776,4,3,2,9,Gold,1,Silver
15605,356,9,2131.06101,1,2,3,6,Silver,0,Standard
15606,101,4,436.0518108,3,1,1,5,Silver,1,Silver
15607,151,6,788.4660944,2,2,2,6,Silver,1,Silver
15611,146,1,94.9302256,2,1,1,4,Standard,1,Silver
15615,124,20,3670.3654824,3,3,4,10,Premium,1,Silver
15620,196,13,1100.6724532,2,3,2,7,Silver,0,Standard
15626,124,7,837.1069336,3,2,2,7,Silver,1,Silver
15628,280,14,1628.5096047999998,1,3,3,7,Silver,0,Standard
15640,137,47,9773.451606999999,2,4,4,10,Premium,3,Gold
15641,206,7,1035.2974946,2,2,2,6,Silver,0,Standard
15646,337,13,1670.5884953999998,1,3,3,7,Silver,0,Standard
15649,150,2,71.03797999999999,2,1,1,4,Standard,1,Silver
15658,14,17,5270.4967552,4,3,4,11,Premium,1,Silver
15660,265,6,602.7292896,1,2,1,4,Standard,0,Standard
15661,61,5,1176.0659999999998,3,2,2,7,Silver,1,Silver
15664,203,1,270.36911,2,1,1,4,Standard,0,Standard
15673,116,17,1859.0568311,3,3,3,9,Gold,1,Silver
15680,270,14,2324.6068818999997,1,3,3,7,Silver,0,Standard
15687,25,22,4365.1580168,4,3,4,11,Premium,1,Silver
15689,234,2,940.1430416000001,1,1,2,4,Standard,0,Standard
15694,26,12,2389.6424312,4,3,3,10,Premium,1,Silver
15696,41,28,2921.6472756999997,4,4,3,11,Premium,1,Silver
15708,37,47,8021.769018800001,4,4,4,12,Premium,3,Gold
15713,222,5,1005.3639188,1,2,2,5,Silver,0,Standard
15716,318,22,2251.2791108,1,3,3,7,Silver,0,Standard
15719,14,95,14177.768422,4,4,4,12,Premium,3,Gold
15723,250,22,3485.8683152999997,1,3,3,7,Silver,0,Standard
15727,129,37,5911.342328799999,3,4,4,11,Premium,3,Gold
15732,341,4,323.37050679999993,1,1,1,3,Standard,0,Standard
15738,34,15,2133.7063888,4,3,3,10,Premium,1,Silver
15749,135,5,537.31352,2,2,1,5,Silver,1,Silver
15750,258,12,1682.5739976,1,3,3,7,Silver,0,Standard
15752,349,8,1589.8759776999998,1,2,2,5,Silver,0,Standard
15759,195,1,118.248796,2,1,1,4,Standard,0,Standard
15769,148,6,833.9132002,2,2,2,6,Silver,1,Silver
15777,65,6,497.4462864,3,2,1,6,Silver,1,Silver
15780,189,9,1421.4433738999999,2,2,2,6,Silver,0,Standard
15781,1,3,547.7287741999999,4,1,1,6,Silver,1,Silver
15789,196,13,1738.4071095999998,2,3,3,8,Gold,0,Standard
15797,76,1,185.18955,3,1,1,5,Silver,1,Silver
15799,143,8,898.8166128,2,2,2,6,Silver,1,Silver
15805,254,6,1694.7164331999998,1,2,3,6,Silver,0,Standard
15808,2,123,22278.696415,4,4,4,12,Premium,3,Gold
15811,187,12,1159.2233047999998,2,3,2,7,Silver,0,Standard
15812,64,2,325.42364999999995,3,1,1,5,Silver,1,Silver
15820,79,9,1674.6762726,3,2,3,8,Gold,1,Silver
15822,207,6,779.5649836,2,2,2,6,Silver,0,Standard
15823,157,9,687.3925661,2,2,2,6,Silver,1,Silver
15827,35,22,2785.9176599999996,4,3,3,10,Premium,1,Silver
15831,99,3,811.4272098,3,1,2,6,Silver,1,Silver
15834,337,1,122.234212,1,1,1,3,Standard,0,Standard
15835,128,5,611.4507088,3,2,2,7,Silver,1,Silver
15838,22,5,432.89601139999996,4,2,1,7,Silver,1,Silver
15841,165,5,166.0281113,2,2,1,5,Silver,0,Standard
15845,153,7,4848.8479792,2,2,4,8,Gold,1,Silver
15854,24,14,2115.8001677999996,4,3,3,10,Premium,1,Silver
15856,170,32,3932.5140768999995,2,4,4,10,Premium,1,Silver
15858,284,18,2620.8371415999995,1,3,3,7,Silver,0,Standard
15860,301,10,1778.1094607999999,1,2,3,6,Silver,0,Standard
15862,363,40,8977.567268199999,1,4,4,9,Gold,0,Standard
15864,28,8,1019.2043888,4,2,2,8,Gold,1,Silver
15867,59,78,10838.4950775,3,4,4,11,Premium,3,Gold
15880,312,46,12920.3355944,1,4,4,9,Gold,3,Gold
15881,28,19,3193.1929680999997,4,3,3,10,Premium,1,Silver
15882,294,11,2175.2437224,1,3,3,7,Silver,0,Standard
15885,13,1,21.715236599999997,4,1,1,6,Silver,1,Silver
15889,307,37,7991.9964536,1,4,4,9,Gold,0,Standard
15894,309,25,3051.0103879999997,1,4,3,8,Gold,0,Standard
15898,285,38,3696.8379704999998,1,4,4,9,Gold,0,Standard
15899,303,4,282.77852199999995,1,1,1,3,Standard,0,Standard
15910,54,28,5084.540165599999,4,4,4,12,Premium,1,Silver
15916,125,27,3632.6202531999998,3,4,4,11,Premium,1,Silver
15919,301,24,3705.0831379999995,1,4,4,9,Gold,0,Standard
15922,344,6,663.0186246,1,2,2,5,Silver,0,Standard
15923,345,14,2058.7780639999996,1,3,3,7,Silver,0,Standard
15938,97,4,998.0582999999999,3,1,2,6,Silver,1,Silver
15939,25,7,889.7424302,4,2,2,8,Gold,1,Silver
15940,22,1,18.147248400000002,4,1,1,6,Silver,1,Silver
15945,260,2,491.01429379999996,1,1,1,3,Standard,0,Standard
15950,209,12,1665.7620487999998,2,3,3,8,Gold,0,Standard
15953,132,11,1875.1869865999997,3,3,3,9,Gold,1,Silver
15955,347,15,3293.6638936,1,3,3,7,Silver,0,Standard
15965,285,9,1590.8203531999998,1,2,2,5,Silver,0,Standard
15967,73,15,2683.7038128,3,3,3,9,Gold,1,Silver
15971,22,3,304.8455081999999,4,1,1,6,Silver,1,Silver
15973,166,3,323.7473313,2,1,1,4,Standard,0,Standard
15981,24,2,107.31472569999998,4,1,1,6,Silver,1,Silver
15983,220,38,5809.4949160999995,2,4,4,10,Premium,0,Standard
15984,163,5,588.7295134,2,2,1,5,Silver,1,Silver
15987,303,3,228.70797359999997,1,1,1,3,Standard,0,Standard
15996,267,9,956.6322229,1,2,2,5,Silver,0,Standard
15998,237,48,7721.26475,1,4,4,9,Gold,3,Gold
16003,208,9,1388.3956512,2,2,2,6,Silver,0,Standard
16010,239,14,3224.5978528,1,3,3,7,Silver,0,Standard
16011,23,33,5375.7509543,4,4,4,12,Premium,1,Silver
16013,152,8,429.6256836,2,2,1,5,Silver,1,Silver
16016,270,33,5572.7860178,1,4,4,9,Gold,0,Standard
16019,42,9,945.0782096,4,2,2,8,Gold,1,Silver
16029,6,31,4682.3233973999995,4,4,4,12,Premium,1,Silver
16030,16,21,2735.6151054999996,4,3,3,10,Premium,1,Silver
16033,109,50,8048.154640899999,3,4,4,11,Premium,3,Gold
16034,136,2,276.7173176,2,1,1,4,Standard,1,Silver
16037,202,7,804.2417298999999,2,2,2,6,Silver,0,Standard
16042,135,5,524.1211119999999,2,2,1,5,Silver,1,Silver
16043,65,8,1032.5580188,3,2,2,7,Silver,1,Silver
16048,353,5,1318.4788408,1,2,2,5,Silver,0,Standard
16059,117,21,2292.9055316999998,3,3,3,9,Gold,1,Silver
16062,249,5,589.1192573999999,1,2,1,4,Standard,0,Standard
16065,261,39,7083.3967231999995,1,4,4,9,Gold,0,Standard
16081,278,14,2223.2364036999998,1,3,3,7,Silver,0,Standard
16083,222,8,503.68596479999997,1,2,1,4,Standard,0,Standard
16085,87,12,2163.7585308,3,3,3,9,Gold,1,Silver
16086,285,5,613.4356468,1,2,2,5,Silver,0,Standard
16094,153,1,27.780353599999998,2,1,1,4,Standard,1,Silver
16098,364,5,836.9934917999999,1,2,2,5,Silver,0,Standard
16109,8,3,570.9151024999999,4,1,1,6,Silver,1,Silver
16110,23,69,9685.379390799999,4,4,4,12,Premium,3,Gold
16112,138,5,882.17436,2,2,2,6,Silver,1,Silver
16122,137,8,853.1567059,2,2,2,6,Silver,1,Silver
16124,48,8,808.5773808,4,2,2,8,Gold,1,Silver
16125,281,11,1281.6834125999999,1,3,2,6,Silver,0,Standard
16133,47,7,1163.4652282,4,2,2,8,Gold,1,Silver
16134,174,12,1832.0689127999997,2,3,3,8,Gold,0,Standard
16138,291,1,14.443528,1,1,1,3,Standard,0,Standard
16140,328,6,934.2089152,1,2,2,5,Silver,0,Standard
16143,178,12,2570.2350076999996,2,3,3,8,Gold,0,Standard
16145,136,17,2184.3245377,2,3,3,8,Gold,1,Silver
16150,153,14,2218.701007,2,3,3,8,Gold,1,Silver
16153,180,7,1077.6182276,2,2,2,6,Silver,0,Standard
16156,20,13,1464.4337984999997,4,3,2,9,Gold,1,Silver
16161,22,64,9274.9889658,4,4,4,12,Premium,3,Gold
16163,256,4,139.295343,1,1,1,3,Standard,0,Standard
16168,77,3,461.5981976,3,1,1,5,Silver,1,Silver
16186,341,2,791.0743373,1,1,2,4,Standard,0,Standard
16191,29,15,1382.055369,4,3,2,9,Gold,1,Silver
16202,224,7,760.0442032,1,2,2,5,Silver,0,Standard
16203,136,11,1518.0807757999999,2,3,2,7,Silver,1,Silver
16206,118,11,1360.6460812,3,3,2,8,Gold,1,Silver
16210,17,20,3294.1630583999995,4,3,3,10,Premium,1,Silver
16218,362,17,3598.3251881999995,1,3,3,7,Silver,0,Standard
16221,286,4,889.4214259999999,1,1,2,4,Standard,0,Standard
16222,67,71,11139.1638236,3,4,4,11,Premium,3,Gold
16233,124,6,601.2528046,3,2,1,6,Silver,1,Silver
16235,119,7,736.0688385999999,3,2,2,7,Silver,1,Silver
16241,166,30,5895.4656967,2,4,4,10,Premium,1,Silver
16244,346,28,5319.164788499999,1,4,4,9,Gold,0,Standard
16250,364,8,1920.1615345999996,1,2,3,6,Silver,0,Standard
16252,266,12,1579.2034815999998,1,3,2,6,Silver,0,Standard
16255,168,24,4288.3890463,2,4,4,10,Premium,1,Silver
16262,222,2,548.9304,1,1,1,3,Standard,0,Standard
16265,252,10,2750.1967375,1,2,3,6,Silver,0,Standard
16270,173,23,4244.802956699999,2,3,4,9,Gold,0,Standard
16271,195,4,607.9751626,2,1,1,4,Standard,0,Standard
16274,353,32,6633.268608099999,1,4,4,9,Gold,0,Standard
16279,141,2,149.4179696,2,1,1,4,Standard,1,Silver
16282,168,8,771.922479,2,2,2,6,Silver,0,Standard
16293,283,7,569.8080252,1,2,1,4,Standard,0,Standard
16303,139,14,2024.8931152000002,2,3,3,8,Gold,1,Silver
16306,153,7,432.0904338,2,2,1,5,Silver,1,Silver
16315,127,4,263.316056,3,1,1,5,Silver,1,Silver
16316,163,17,1789.184607,2,3,3,8,Gold,1,Silver
16321,96,2,234.62352799999996,3,1,1,5,Silver,1,Silver
16326,40,14,1790.7904116,4,3,3,10,Premium,1,Silver
16327,45,54,8179.418164799999,4,4,4,12,Premium,3,Gold
16333,16,1,437.0549215,4,1,1,6,Silver,1,Silver
16350,141,13,972.6112834,2,3,2,7,Silver,1,Silver
16351,137,2,325.9158972,2,1,1,4,Standard,1,Silver
16353,12,9,807.2854451,4,2,2,8,Gold,1,Silver
16359,119,4,79.9701912,3,1,1,5,Silver,1,Silver
16365,206,6,407.7551582,2,2,1,5,Silver,0,Standard
16367,240,14,1332.7161648000001,1,3,2,6,Silver,0,Standard
16378,20,9,1308.9339160999998,4,2,2,8,Gold,1,Silver
16385,272,9,891.5003016,1,2,2,5,Silver,0,Standard
16387,91,2,49.218311400000005,3,1,1,5,Silver,1,Silver
16393,240,13,1258.8257536,1,3,2,6,Silver,0,Standard
16395,97,39,5269.9740394,3,4,4,11,Premium,3,Gold
16401,118,10,594.7006862999999,3,2,1,6,Silver,1,Silver
16402,311,27,6034.6950375999995,1,4,4,9,Gold,0,Standard
16403,32,3,710.12888,4,1,2,7,Silver,1,Silver
16405,17,1,44.802157199999996,4,1,1,6,Silver,1,Silver
16407,32,10,1104.2142272,4,2,2,8,Gold,1,Silver
16409,59,30,4350.3813376,3,4,4,11,Premium,1,Silver
16411,312,10,835.2243255999999,1,2,2,5,Silver,0,Standard
16419,26,7,769.1433668999999,4,2,2,8,Gold,1,Silver
16422,25,27,3902.6921675999997,4,4,4,12,Premium,1,Silver
16424,157,1,15.5842206,2,1,1,4,Standard,1,Silver
16442,223,29,4568.5904371999995,1,4,4,9,Gold,0,Standard
16455,225,13,1537.8615856,1,3,2,6,Silver,0,Standard
16456,4,42,6783.934047199999,4,4,4,12,Premium,3,Gold
16458,222,5,513.727024,1,2,1,4,Standard,0,Standard
16470,201,20,2023.7959664,2,3,3,8,Gold,0,Standard
16473,152,4,373.8567888,2,1,1,4,Standard,1,Silver
16477,82,30,4355.9195806,3,4,4,11,Premium,1,Silver
16493,124,1,143.563904,3,1,1,5,Silver,1,Silver
16496,57,31,4949.6451264,3,4,4,11,Premium,1,Silver
16497,66,10,2764.938597,3,2,3,8,Gold,1,Silver
16499,214,13,1811.0135263999998,2,3,3,8,Gold,0,Standard
16500,128,1,13.693824,3,1,1,5,Silver,1,Silver
16503,126,26,4023.6688654,3,4,4,11,Premium,1,Silver
16510,342,10,1947.6664297999998,1,2,3,6,Silver,0,Standard
16515,25,16,1981.8712703999997,4,3,3,10,Premium,1,Silver
16519,258,1,94.8625428,1,1,1,3,Standard,0,Standard
16520,260,32,7220.5746180999995,1,4,4,9,Gold,0,Standard
16523,44,18,1715.0437152,4,3,3,10,Premium,1,Silver
16525,3,27,2784.9944444,4,4,3,11,Premium,1,Silver
16531,70,9,1278.5896124,3,2,2,7,Silver,1,Silver
16532,164,1,15.467010000000002,2,1,1,4,Standard,0,Standard
16539,195,14,3159.2937684,2,3,3,8,Gold,0,Standard
16546,337,11,1521.7064177999998,1,3,2,6,Silver,0,Standard
16549,144,15,1481.6481452,2,3,2,7,Silver,1,Silver
16550,293,22,2825.5641254999996,1,3,3,7,Silver,0,Standard
16551,152,8,572.1211984,2,2,1,5,Silver,1,Silver
16552,359,4,437.33935719999994,1,1,1,3,Standard,0,Standard
16553,215,5,5503.6956198,2,2,4,8,Gold,0,Standard
16554,131,1,410.0832624000001,3,1,1,5,Silver,1,Silver
16556,216,9,1257.265696,2,2,2,6,Silver,0,Standard
16558,81,28,3283.8361804,3,4,3,10,Premium,1,Silver
16560,196,10,1793.7042821999999,2,2,3,7,Silver,0,Standard
16565,245,2,89.774912,1,1,1,3,Standard,0,Standard
16567,153,14,1887.55516,2,3,3,8,Gold,1,Silver
16570,28,11,1487.1515157999997,4,3,2,9,Gold,1,Silver
16579,257,1,218.387799,1,1,1,3,Standard,0,Standard
16583,361,5,1794.6291322,1,2,3,6,Silver,0,Standard
16593,118,1,7.614113,3,1,1,5,Silver,1,Silver
16596,266,3,89.3206272,1,1,1,3,Standard,0,Standard
16600,164,1,912.9528612,2,1,2,5,Silver,0,Standard
16607,187,8,678.4352263999999,2,2,2,6,Silver,0,Standard
16612,27,14,2313.6410945,4,3,3,10,Premium,1,Silver
16618,90,24,4777.2574317,3,4,4,11,Premium,1,Silver
16634,336,6,1005.5335299999999,1,2,2,5,Silver,0,Standard
16638,121,3,268.5561846,3,1,1,5,Silver,1,Silver
16654,291,5,539.9413411999999,1,2,1,4,Standard,0,Standard
16655,132,13,2087.5264368,3,3,3,9,Gold,1,Silver
16656,59,6,165.3535446,3,2,1,6,Silver,1,Silver
16658,293,7,732.4421021999999,1,2,2,5,Silver,0,Standard
16660,79,1,40.217551799999995,3,1,1,5,Silver,1,Silver
16665,236,5,869.5552703999999,1,2,2,5,Silver,0,Standard
16670,109,25,3001.4259835,3,4,3,10,Premium,1,Silver
16676,157,8,885.1837118999999,2,2,2,6,Silver,1,Silver
16679,271,1,89.420631,1,1,1,3,Standard,0,Standard
16684,15,33,4445.369168099999,4,4,4,12,Premium,1,Silver
16686,181,51,7856.334975299999,2,4,4,10,Premium,3,Gold
16700,53,24,3711.7755088,4,4,4,12,Premium,1,Silver
16701,132,9,1213.9608567999999,3,2,2,7,Silver,1,Silver
16705,24,28,2584.7215629999996,4,4,3,11,Premium,1,Silver
16710,215,28,3865.3356719999997,2,4,4,10,Premium,0,Standard
16711,188,1,15.1093674,2,1,1,4,Standard,0,Standard
16713,178,49,8759.984877699999,2,4,4,10,Premium,3,Gold
16714,61,47,9444.4770752,3,4,4,11,Premium,3,Gold
16716,22,1,40.8056392,4,1,1,6,Silver,1,Silver
16717,19,8,1047.6498921,4,2,2,8,Gold,1,Silver
16718,313,28,3901.60363,1,4,4,9,Gold,0,Standard
16719,164,34,5314.9176933,2,4,4,10,Premium,1,Silver
16722,222,22,2159.6676648999996,1,3,3,7,Silver,0,Standard
16725,6,67,9901.442768699999,4,4,4,12,Premium,3,Gold
16726,230,8,741.8696216000001,1,2,2,5,Silver,0,Standard
16727,246,21,3474.2452561,1,3,3,7,Silver,0,Standard
16730,77,9,3092.1591702,3,2,3,8,Gold,1,Silver
16735,144,26,2891.9097616,2,4,3,9,Gold,1,Silver
16743,200,13,1895.3247149,2,3,3,8,Gold,0,Standard
16745,2,28,4254.644678199999,4,4,4,12,Premium,1,Silver
16746,118,27,2504.1675388,3,4,3,10,Premium,1,Silver
16748,13,9,1606.2261928,4,2,2,8,Gold,1,Silver
16752,345,4,927.5584283999999,1,1,2,4,Standard,0,Standard
16754,336,2,136.2442054,1,1,1,3,Standard,0,Standard
16755,45,7,1454.3080112,4,2,2,8,Gold,1,Silver
16757,73,6,838.2330534,3,2,2,7,Silver,1,Silver
16767,52,26,5458.3057584,4,4,4,12,Premium,1,Silver
16770,38,45,8157.094138699999,4,4,4,12,Premium,3,Gold
16771,19,57,9237.769290999999,4,4,4,12,Premium,3,Gold
16775,125,19,2331.1608566,3,3,3,9,Gold,1,Silver
16779,22,36,4649.2778705,4,4,4,12,Premium,1,Silver
16781,257,14,1927.618777,1,3,3,7,Silver,0,Standard
16782,56,61,8914.7505153,4,4,4,12,Premium,3,Gold
16791,133,17,2841.8848288,2,3,3,8,Gold,1,Silver
16795,258,32,4786.5193879,1,4,4,9,Gold,0,Standard
16805,215,31,3311.5605591999997,2,4,3,9,Gold,0,Standard
16810,223,1,31.125144000000002,1,1,1,3,Standard,0,Standard
16812,220,7,1619.2956752,2,2,2,6,Silver,0,Standard
16814,16,36,6637.4912287,4,4,4,12,Premium,3,Gold
16816,36,16,2347.6315827999997,4,3,3,10,Premium,1,Silver
16817,213,13,1503.7223881999998,2,3,2,7,Silver,0,Standard
16833,144,8,1329.3784992,2,2,2,6,Silver,1,Silver
16835,350,1,237.95214940000002,1,1,1,3,Standard,0,Standard
16839,35,10,1534.0264657,4,2,2,8,Gold,1,Silver
16843,116,8,1337.684689,3,2,2,7,Silver,1,Silver
16850,140,13,1308.5928024,2,3,2,7,Silver,1,Silver
16858,269,2,572.9081986,1,1,1,3,Standard,0,Standard
16861,291,1,36.110034,1,1,1,3,Standard,0,Standard
16863,224,5,916.630831,1,2,2,5,Silver,0,Standard
16873,176,43,2830.9592364,2,4,3,9,Gold,0,Standard
16875,137,17,2852.9898803999995,2,3,3,8,Gold,1,Silver
16882,58,1,196.5904,3,1,1,5,Silver,1,Silver
16883,334,11,1931.175696,1,3,3,7,Silver,0,Standard
16885,186,23,3000.1266104999995,2,3,3,8,Gold,0,Standard
16889,152,20,4125.9073768,2,3,4,9,Gold,1,Silver
16891,333,37,7272.263084,1,4,4,9,Gold,0,Standard
16892,95,1,42.0543656,3,1,1,5,Silver,1,Silver
16893,277,31,3008.6929108,1,4,3,8,Gold,0,Standard
16897,40,19,3164.3814752,4,3,3,10,Premium,1,Silver
16898,258,11,2844.3831826999995,1,3,3,7,Silver,0,Standard
16899,216,9,726.75044,2,2,2,6,Silver,0,Standard
16904,102,44,4946.4727132,3,4,4,11,Premium,3,Gold
16905,334,5,916.0154864,1,2,2,5,Silver,0,Standard
16907,256,19,3471.6579757,1,3,3,7,Silver,0,Standard
16912,93,5,829.4768553999999,3,2,2,7,Silver,1,Silver
16916,343,23,3165.6923863999996,1,3,3,7,Silver,0,Standard
16918,58,10,2213.0591712,3,2,3,8,Gold,1,Silver
16919,215,34,6217.3650687,2,4,4,10,Premium,0,Standard
16923,40,59,13118.4955912,4,4,4,12,Premium,3,Gold
16926,331,6,506.03151199999996,1,2,1,4,Standard,0,Standard
16927,231,1,33.3827536,1,1,1,3,Standard,0,Standard
16928,90,5,1498.2453449999998,3,2,2,7,Silver,1,Silver
16931,86,54,10000.6843889,3,4,4,11,Premium,3,Gold
16938,11,9,1609.3575224999997,4,2,2,8,Gold,1,Silver
16943,67,10,1427.5345824,3,2,2,7,Silver,1,Silver
16945,193,7,1155.8177606,2,2,2,6,Silver,0,Standard
16948,108,4,493.930771,3,1,1,5,Silver,1,Silver
16949,54,4,689.0235855999999,4,1,2,7,Silver,1,Silver
16950,283,2,126.7071,1,1,1,3,Standard,0,Standard
16954,212,5,345.20710479999997,2,2,1,5,Silver,0,Standard
16955,148,12,1158.2452936,2,3,2,7,Silver,1,Silver
16983,82,10,1093.7957768,3,2,2,7,Silver,1,Silver
16985,20,17,3266.1942977999997,4,3,3,10,Premium,1,Silver
16992,18,2,43.5882724,4,1,1,6,Silver,1,Silver
16995,336,1,22.305398600000004,1,1,1,3,Standard,0,Standard
16996,172,4,292.42780619999996,2,1,1,4,Standard,0,Standard
16997,13,5,569.4592636,4,2,1,7,Silver,1,Silver
17001,76,18,1498.5689794,3,3,2,8,Gold,1,Silver
17007,173,8,992.3884269999999,2,2,2,6,Silver,0,Standard
17017,214,42,6178.3209424,2,4,4,10,Premium,3,Gold
17018,109,5,490.62269019999997,3,2,1,6,Silver,1,Silver
17019,127,46,6473.0035142,3,4,4,11,Premium,3,Gold
17025,352,5,1038.4557529999997,1,2,2,5,Silver,0,Standard
17026,315,3,130.6476832,1,1,1,3,Standard,0,Standard
17027,61,18,3025.7340368,3,3,3,9,Gold,1,Silver
17033,208,4,328.5027694,2,1,1,4,Standard,0,Standard
17035,25,8,1323.5823789999997,4,2,2,8,Gold,1,Silver
17041,222,4,605.9443824,1,1,1,3,Standard,0,Standard
17044,203,1,50.9381822,2,1,1,4,Standard,0,Standard
17048,88,7,1054.3757712,3,2,2,7,Silver,1,Silver
17059,317,69,7767.9518784,1,4,4,9,Gold,3,Gold
17062,40,34,5545.1370486,4,4,4,12,Premium,1,Silver
17064,116,9,2885.6503915999997,3,2,3,8,Gold,1,Silver
17068,33,38,5322.6610313,4,4,4,12,Premium,3,Gold
17069,171,14,2257.3399624,2,3,3,8,Gold,0,Standard
17071,17,8,1005.4245753999999,4,2,2,8,Gold,1,Silver
17075,62,6,400.72624740000003,3,2,1,6,Silver,1,Silver
17076,253,5,1008.2792873999999,1,2,2,5,Silver,0,Standard
17082,66,11,481.6532718,3,3,1,7,Silver,1,Silver
17085,179,39,5412.745275,2,4,4,10,Premium,3,Gold
17090,177,2,95.4241158,2,1,1,4,Standard,0,Standard
17091,70,20,3265.0085297,3,3,3,9,Gold,1,Silver
17094,66,8,1671.0835101999996,3,2,3,8,Gold,1,Silver
17095,132,5,628.1404335999999,3,2,2,7,Silver,1,Silver
17097,100,29,5131.6416911999995,3,4,4,11,Premium,1,Silver
17105,2,27,3746.9846183999994,4,4,4,12,Premium,1,Silver
17114,146,11,2393.8814872,2,3,3,8,Gold,1,Silver
17118,63,7,1651.6373208,3,2,3,8,Gold,1,Silver
17126,241,28,5690.871312,1,4,4,9,Gold,0,Standard
17128,145,6,831.8627343999999,2,2,2,6,Silver,1,Silver
17135,335,6,1335.2348312,1,2,2,5,Silver,0,Standard
17146,200,6,1804.0009456,2,2,3,7,Silver,0,Standard
17147,28,8,717.3422422,4,2,2,8,Gold,1,Silver
17158,217,16,1800.3999632,2,3,3,8,Gold,0,Standard
17179,229,8,1567.7712416,1,2,2,5,Silver,0,Standard
17180,46,32,5164.252174,4,4,4,12,Premium,1,Silver
17181,359,2,307.61741379999995,1,1,1,3,Standard,0,Standard
17188,42,27,2970.1655511999998,4,4,3,11,Premium,1,Silver
17189,203,19,3261.5715078,2,3,3,8,Gold,0,Standard
17191,291,36,6276.678561299999,1,4,4,9,Gold,0,Standard
17194,221,13,1309.9960512,2,3,2,7,Silver,0,Standard
17198,259,44,8572.69019,1,4,4,9,Gold,3,Gold
17204,179,3,330.6123,2,1,1,4,Standard,0,Standard
17211,173,25,4284.3599271,2,4,4,10,Premium,0,Standard
17213,51,20,3376.9673976,4,3,3,10,Premium,1,Silver
17214,13,15,1479.6734725999997,4,3,2,9,Gold,1,Silver
17218,143,59,6830.9068022,2,4,4,10,Premium,3,Gold
17220,34,38,6525.336028,4,4,4,12,Premium,3,Gold
17223,18,27,5858.300530099999,4,4,4,12,Premium,1,Silver
17226,10,13,1754.4303126999996,4,3,3,10,Premium,1,Silver
17227,302,3,241.20651249999997,1,1,1,3,Standard,0,Standard
17228,26,25,3513.1228504999995,4,4,3,11,Premium,1,Silver
17230,20,39,5056.386489899999,4,4,4,12,Premium,3,Gold
17231,97,36,5993.6075886,3,4,4,11,Premium,3,Gold
17235,343,7,1715.6379889999998,1,2,3,6,Silver,0,Standard
17236,70,15,2312.6668483999997,3,3,3,9,Gold,1,Silver
17238,89,51,8919.4554641,3,4,4,11,Premium,3,Gold
17239,35,14,2253.3189067999997,4,3,3,10,Premium,1,Silver
17243,88,36,5180.0748638,3,4,4,11,Premium,1,Silver
17251,243,22,1717.0103568,1,3,3,7,Silver,0,Standard
17256,31,7,755.0594484,4,2,2,8,Gold,1,Silver
17259,296,32,4722.813451499999,1,4,4,9,Gold,0,Standard
17262,271,1,21.621612999999996,1,1,1,3,Standard,0,Standard
17277,90,29,4034.5828822999997,3,4,4,11,Premium,1,Silver
17284,149,49,5768.4555196,2,4,4,10,Premium,3,Gold
17287,286,9,1898.0370262,1,2,3,6,Silver,0,Standard
17288,112,5,1125.7733856,3,2,2,7,Silver,1,Silver
17291,8,1,91.49490999999999,4,1,1,6,Silver,1,Silver
17293,5,15,1865.2056040999998,4,3,3,10,Premium,1,Silver
17303,230,21,2411.8017088,1,3,3,7,Silver,0,Standard
17306,59,5,184.6864762,3,2,1,6,Silver,1,Silver
17307,257,1,23.302087800000002,1,1,1,3,Standard,0,Standard
17311,55,19,3234.8851856,4,3,3,10,Premium,1,Silver
17314,28,15,2891.4187205999997,4,3,3,10,Premium,1,Silver
17315,6,51,6953.400760999999,4,4,4,12,Premium,3,Gold
17320,289,11,1440.0968884,1,3,2,6,Silver,0,Standard
17324,132,7,1420.8305110000001,3,2,2,7,Silver,1,Silver
17329,41,9,2177.3774848000003,4,2,3,9,Gold,1,Silver
17334,12,7,1215.2010243999998,4,2,2,8,Gold,1,Silver
17337,17,139,27516.665617899995,4,4,4,12,Premium,3,Gold
17338,130,56,6175.6608808,3,4,4,11,Premium,3,Gold
17339,258,1,44.196287999999996,1,1,1,3,Standard,0,Standard
17340,174,61,10281.3753542,2,4,4,10,Premium,3,Gold
17341,273,65,11484.037585799999,1,4,4,9,Gold,3,Gold
17343,180,8,1097.0268342,2,2,2,6,Silver,0,Standard
17346,210,21,2869.1598265999996,2,3,3,8,Gold,0,Standard
17356,27,14,1468.5993147999998,4,3,2,9,Gold,1,Silver
17358,182,26,4517.689855,2,4,4,10,Premium,0,Standard
17362,16,6,727.5293629999999,4,2,2,8,Gold,1,Silver
17364,93,16,1923.6651916,3,3,3,9,Gold,1,Silver
17365,136,29,4053.6371440000003,2,4,4,10,Premium,1,Silver
17368,66,22,2684.965857,3,3,3,9,Gold,1,Silver
17371,227,4,1106.0963264,1,1,2,4,Standard,0,Standard
17372,59,39,7286.5792771999995,3,4,4,11,Premium,3,Gold
17373,34,9,1795.4947696000002,4,2,3,9,Gold,1,Silver
17375,29,25,3303.6541467999996,4,4,3,11,Premium,1,Silver
17376,23,5,538.169269,4,2,1,7,Silver,1,Silver
17377,186,28,3601.097773,2,4,4,10,Premium,0,Standard
17381,10,14,2276.9947392999998,4,3,3,10,Premium,1,Silver
17389,29,14,2206.849094,4,3,3,10,Premium,1,Silver
17392,4,34,5614.812954499999,4,4,4,12,Premium,1,Silver
17396,335,2,39.7594014,1,1,1,3,Standard,0,Standard
17400,172,17,6061.8143733,2,3,4,9,Gold,1,Silver
17402,121,13,2035.5085112,3,3,3,9,Gold,1,Silver
17404,45,33,3653.3732766,4,4,4,12,Premium,1,Silver
17406,126,47,6586.0507364,3,4,4,11,Premium,3,Gold
17411,263,2,166.81877680000002,1,1,1,3,Standard,0,Standard
17412,193,14,1896.8599269999997,2,3,3,8,Gold,0,Standard
17418,96,7,845.0308141999999,3,2,2,7,Silver,1,Silver
17419,103,18,1828.2482716,3,3,3,9,Gold,1,Silver
17420,364,5,535.6672987999999,1,2,1,4,Standard,0,Standard
17428,137,20,2085.1190023999998,2,3,3,8,Gold,1,Silver
17430,261,3,1192.161,1,1,2,4,Standard,0,Standard
17431,37,26,5602.7702831999995,4,4,4,12,Premium,1,Silver
17442,257,1,214.33050900000003,1,1,1,3,Standard,0,Standard
17446,19,3,638.1998564999999,4,1,2,7,Silver,1,Silver
17449,210,38,5372.9638391,2,4,4,10,Premium,0,Standard
17450,137,23,2767.6621648,2,3,3,8,Gold,1,Silver
17454,211,7,798.5189846999999,2,2,2,6,Silver,0,Standard
17456,257,7,913.6158164999999,1,2,2,5,Silver,0,Standard
17457,12,5,686.0519227999999,4,2,2,8,Gold,1,Silver
17460,67,6,487.68614819999993,3,2,1,6,Silver,1,Silver
17463,36,57,8883.923979199999,4,4,4,12,Premium,3,Gold
17470,288,6,1042.5060263999999,1,2,2,5,Silver,0,Standard
17491,108,7,295.3365922,3,2,1,6,Silver,1,Silver
17496,203,4,240.8457091,2,1,1,4,Standard,0,Standard
17504,92,14,2104.405923,3,3,3,9,Gold,1,Silver
17507,12,33,4449.633111099999,4,4,4,12,Premium,1,Silver
17511,22,106,15140.094228299999,4,4,4,12,Premium,3,Gold
17515,67,14,2607.1241597999997,3,3,3,9,Gold,1,Silver
17517,10,8,780.5467573,4,2,2,8,Gold,1,Silver
17519,224,9,1444.7442569999998,1,2,2,5,Silver,0,Standard
17524,229,1,229.6666752,1,1,1,3,Standard,0,Standard
17525,209,4,341.4040573,2,1,1,4,Standard,0,Standard
17526,223,6,526.1723549,1,2,1,4,Standard,0,Standard
17530,254,29,5222.0677742,1,4,4,9,Gold,0,Standard
17540,50,2,307.36324,4,1,1,6,Silver,1,Silver
17547,341,2,158.16735939999998,1,1,1,3,Standard,0,Standard
17548,363,4,553.6381693999999,1,1,1,3,Standard,0,Standard
17551,206,17,2145.7620806,2,3,3,8,Gold,0,Standard
17552,335,2,1076.4947654,1,1,2,4,Standard,0,Standard
17555,145,23,3345.2358600000002,2,3,3,8,Gold,1,Silver
17560,20,2,169.94505409999996,4,1,1,6,Silver,1,Silver
17567,340,6,2551.5745487,1,2,3,6,Silver,0,Standard
17569,133,14,1581.43516,2,3,2,7,Silver,1,Silver
17572,357,2,435.436888,1,1,1,3,Standard,0,Standard
17576,104,25,5483.8437202,3,4,4,11,Premium,1,Silver
17580,32,26,4089.2940288,4,4,4,12,Premium,1,Silver
17581,123,39,4832.0171306,3,4,4,11,Premium,3,Gold
17585,161,17,3031.0038068999997,2,3,3,8,Gold,1,Silver
17591,59,42,5371.7719922999995,3,4,4,11,Premium,3,Gold
17593,172,11,836.5792809,2,3,2,7,Silver,0,Standard
17596,299,28,3860.0881191,1,4,4,9,Gold,0,Standard
17602,98,56,9215.4285847,3,4,4,11,Premium,3,Gold
17604,30,19,2923.0352050999995,4,3,3,10,Premium,1,Silver
17609,116,33,5726.183489599999,3,4,4,11,Premium,1,Silver
17611,84,104,15767.016011099999,3,4,4,11,Premium,3,Gold
17616,288,1,89.88329999999999,1,1,1,3,Standard,0,Standard
17618,235,22,2306.4572708,1,3,3,7,Silver,0,Standard
17619,31,46,4752.422994699999,4,4,4,12,Premium,3,Gold
17621,33,12,2112.6773928,4,3,3,10,Premium,1,Silver
17629,137,9,964.6513711999999,2,2,2,6,Silver,1,Silver
17633,203,1,17.2131474,2,1,1,4,Standard,0,Standard
17634,157,24,4052.8400178,2,4,4,10,Premium,1,Silver
17643,354,4,572.5946752,1,1,1,3,Standard,0,Standard
17644,88,1,18.2530158,3,1,1,5,Silver,1,Silver
17646,258,5,908.0792385999999,1,2,2,5,Silver,0,Standard
17655,195,5,276.1615256,2,2,1,5,Silver,0,Standard
17659,194,6,1447.4104328,2,2,2,6,Silver,0,Standard
17671,258,1,394.204233,1,1,1,3,Standard,0,Standard
17672,14,19,3805.3758068999996,4,3,4,11,Premium,1,Silver
17673,82,38,7278.709402199999,3,4,4,11,Premium,3,Gold
17674,303,5,352.47602609999996,1,2,1,4,Standard,0,Standard
17675,28,26,4214.473640599999,4,4,4,12,Premium,1,Silver
17676,271,3,1261.9403288,1,1,2,4,Standard,0,Standard
17677,70,28,3005.8493074,3,4,3,10,Premium,1,Silver
17682,294,6,1198.2365469,1,2,2,5,Silver,0,Standard
17685,5,22,2727.4566736999996,4,3,3,10,Premium,1,Silver
17690,112,38,5982.444098399999,3,4,4,11,Premium,3,Gold
17691,194,6,533.0148266,2,2,1,5,Silver,0,Standard
17692,207,15,2115.5586421999997,2,3,3,8,Gold,0,Standard
17696,153,4,1196.2058814,2,1,2,5,Silver,1,Silver
17700,257,2,51.511062599999995,1,1,1,3,Standard,0,Standard
17702,259,3,528.029733,1,1,1,3,Standard,0,Standard
17706,278,18,1815.2754811,1,3,3,7,Silver,0,Standard
17707,150,1,37.951019200000005,2,1,1,4,Standard,1,Silver
17708,103,16,2322.1468876,3,3,3,9,Gold,1,Silver
17714,88,6,525.7734936,3,2,1,6,Silver,1,Silver
17720,287,1,40.8547274,1,1,1,3,Standard,0,Standard
17722,59,49,5577.4791281,3,4,4,11,Premium,3,Gold
17730,70,6,933.3688058,3,2,2,7,Silver,1,Silver
17732,349,11,1884.2194421999998,1,3,3,7,Silver,0,Standard
17735,63,28,6221.5147736,3,4,4,11,Premium,1,Silver
17739,138,2,665.6209512,2,1,2,5,Silver,1,Silver
17742,137,8,1068.3154192,2,2,2,6,Silver,1,Silver
17744,93,17,1982.5979725999998,3,3,3,9,Gold,1,Silver
17752,203,1,116.71059999999999,2,1,1,4,Standard,0,Standard
17757,48,56,8220.9775538,4,4,4,12,Premium,3,Gold
17760,353,7,872.3252891999998,1,2,2,5,Silver,0,Standard
17769,87,23,3859.3218214,3,3,4,10,Premium,1,Silver
17771,95,9,1721.2204015999998,3,2,3,8,Gold,1,Silver
17786,60,10,1849.1640192,3,2,3,8,Gold,1,Silver
17787,96,41,5751.1519502,3,4,4,11,Premium,3,Gold
17790,190,15,1742.4861299,2,3,3,8,Gold,0,Standard
17796,39,46,8365.7463936,4,4,4,12,Premium,3,Gold
17799,79,60,9028.734155,3,4,4,11,Premium,3,Gold
17800,144,7,570.5903288,2,2,1,5,Silver,1,Silver
17802,342,5,826.2794258,1,2,2,5,Silver,0,Standard
17809,331,3,736.4787239999999,1,1,2,4,Standard,0,Standard
17811,21,76,10772.789549,4,4,4,12,Premium,3,Gold
17812,289,11,1767.0008086,1,3,3,7,Silver,0,Standard
17816,258,2,1718.9869137,1,1,3,5,Silver,0,Standard
17819,238,4,1269.4875184,1,1,2,4,Standard,0,Standard
17820,203,1,290.2945714,2,1,1,4,Standard,0,Standard
17827,250,51,7315.847820999999,1,4,4,9,Gold,3,Gold
17838,256,16,4549.0039558,1,3,4,8,Gold,0,Standard
17841,18,263,45358.0024244,4,4,4,12,Premium,2,Premium
17848,17,5,237.3395464,4,2,1,7,Silver,1,Silver
17849,140,2,1184.8212512,2,1,2,5,Silver,1,Silver
17850,340,177,34309.216154099995,1,4,4,9,Gold,2,Premium
17855,349,9,1439.1334737999998,1,2,2,5,Silver,0,Standard
17857,195,4,485.51685929999996,2,1,1,4,Standard,0,Standard
17858,83,28,3960.5294816,3,4,4,11,Premium,1,Silver
17860,298,30,2741.4243116,1,4,3,8,Gold,0,Standard
17861,80,6,836.7661276,3,2,2,7,Silver,1,Silver
17862,96,8,784.9929012,3,2,2,7,Silver,1,Silver
17863,21,23,3148.092965,4,3,3,10,Premium,1,Silver
17865,187,23,4261.534564,2,3,4,9,Gold,0,Standard
17869,288,6,698.1924204,1,2,2,5,Silver,0,Standard
17870,280,1,44.0181874,1,1,1,3,Standard,0,Standard
17873,354,4,1174.6069616,1,1,2,4,Standard,0,Standard
17880,252,10,1839.6236055999998,1,2,3,6,Silver,0,Standard
17884,27,54,7367.634257,4,4,4,12,Premium,3,Gold
17888,62,7,890.2323216,3,2,2,7,Silver,1,Silver
17889,88,9,1053.670037,3,2,2,7,Silver,1,Silver
17890,91,40,7179.9417201,3,4,4,11,Premium,3,Gold
17894,32,56,8832.6189295,4,4,4,12,Premium,3,Gold
17897,281,33,5706.112076799999,1,4,4,9,Gold,0,Standard
17905,171,10,1678.9475903,2,2,3,7,Silver,0,Standard
17908,362,32,5417.544172599999,1,4,4,9,Gold,0,Standard
17912,19,19,1855.4716239999998,4,3,3,10,Premium,1,Silver
17913,185,12,923.1977244,2,3,2,7,Silver,0,Standard
17917,239,17,2361.6318032,1,3,3,7,Silver,0,Standard
17920,41,64,10600.218276099999,4,4,4,12,Premium,3,Gold
17924,178,4,269.79210509999996,2,1,1,4,Standard,0,Standard
17925,349,1,24.1627358,1,1,1,3,Standard,0,Standard
17929,11,2,204.41722599999997,4,1,1,6,Silver,1,Silver
17937,228,11,932.9050675999999,1,3,2,6,Silver,0,Standard
17949,159,2,66.8292012,2,1,1,4,Standard,1,Silver
17950,257,19,6306.231793000001,1,3,4,8,Gold,0,Standard
17951,177,8,814.0568785999999,2,2,2,6,Silver,0,Standard
17954,120,39,5602.520108,3,4,4,11,Premium,3,Gold
17961,19,29,9588.4709213,4,4,4,12,Premium,3,Gold
17964,343,23,4319.2253094,1,3,4,8,Gold,0,Standard
17965,43,45,4549.3529192,4,4,4,12,Premium,3,Gold
17967,334,26,4150.8892652,1,4,4,9,Gold,0,Standard
17968,360,31,8338.9654931,1,4,4,9,Gold,0,Standard
17969,227,3,131.7778368,1,1,1,3,Standard,0,Standard
17975,20,35,11424.1740144,4,4,4,12,Premium,3,Gold
17976,342,33,5359.522973599999,1,4,4,9,Gold,0,Standard
17978,259,4,578.4378518999999,1,1,1,3,Standard,0,Standard
17980,204,7,552.336511,2,2,1,5,Silver,0,Standard
17988,112,11,1469.6735999999999,3,3,2,8,Gold,1,Silver
17990,173,8,959.9349548,2,2,2,6,Silver,0,Standard
17999,269,17,3798.2777290999998,1,3,4,8,Gold,0,Standard
18004,236,18,2731.6098,1,3,3,7,Silver,0,Standard
18008,71,5,468.648666,3,2,1,6,Silver,1,Silver
18011,350,13,1637.0059411999998,1,3,3,7,Silver,0,Standard
18016,41,23,2668.3687296,4,4,3,11,Premium,1,Silver
18017,19,1,20.2166456,4,1,1,6,Silver,1,Silver
18032,143,3,58.811768,2,1,1,4,Standard,1,Silver
18037,89,7,433.7948156,3,2,1,6,Silver,1,Silver
18041,19,95,14967.4061009,4,4,4,12,Premium,3,Gold
18043,276,28,4041.6999617999995,1,4,4,9,Gold,0,Standard
18044,221,3,691.8679711999999,2,1,2,5,Silver,0,Standard
18050,206,5,529.5151812,2,2,1,5,Silver,0,Standard
18055,27,50,7667.6629127,4,4,4,12,Premium,3,Gold
18061,92,6,1156.7574114,3,2,2,7,Silver,1,Silver
18062,159,3,123.93023620000001,2,1,1,4,Standard,1,Silver
18065,195,17,1678.9448606,2,3,3,8,Gold,0,Standard
18069,117,33,4287.151906599999,3,4,4,11,Premium,1,Silver
18071,264,4,611.0288154,1,1,1,3,Standard,0,Standard
18074,364,12,1734.1678721999997,1,3,3,7,Silver,0,Standard
18075,46,19,2757.1625914,4,3,3,10,Premium,1,Silver
18077,74,32,4685.3263748,3,4,4,11,Premium,1,Silver
18085,125,15,2035.1391423999999,3,3,3,9,Gold,1,Silver
18092,125,12,1538.1701014,3,3,2,8,Gold,1,Silver
18095,33,12,1188.488928,4,3,2,9,Gold,1,Silver
18097,169,11,1446.7836903999998,2,3,2,7,Silver,0,Standard
18102,259,14,1693.6286567999998,1,3,3,7,Silver,0,Standard
18106,123,19,2687.4634751999997,3,3,3,9,Gold,1,Silver
18109,106,33,3141.149124,3,4,3,10,Premium,1,Silver
18113,299,1,94.32677220000001,1,1,1,3,Standard,0,Standard
18116,169,77,10078.821340999999,2,4,4,10,Premium,3,Gold
18118,107,120,18708.0978395,3,4,4,11,Premium,3,Gold
18119,286,12,1381.1292408,1,3,2,6,Silver,0,Standard
18125,49,45,9392.84525,4,4,4,12,Premium,3,Gold
18136,79,10,1613.1894307999999,3,2,2,7,Silver,1,Silver
18141,223,1,30.347747200000004,1,1,1,3,Standard,0,Standard
18144,72,5,563.2544535999999,3,2,1,6,Silver,1,Silver
18145,34,24,3529.6826288,4,4,3,11,Premium,1,Silver
18156,318,34,3145.7884744,1,4,3,8,Gold,0,Standard
18161,80,8,789.0976026,3,2,2,7,Silver,1,Silver
18168,210,29,3698.1427417999994,2,4,4,10,Premium,0,Standard
18171,141,9,1145.4231472,2,2,2,6,Silver,1,Silver
18176,173,13,2123.8602474,2,3,3,8,Gold,0,Standard
18178,13,15,2539.2075732999997,4,3,3,10,Premium,1,Silver
18179,111,13,1545.4267871999998,3,3,2,8,Gold,1,Silver
18190,105,6,404.2635674,3,2,1,6,Silver,1,Silver
18193,270,1,14.073608,1,1,1,3,Standard,0,Standard
18198,21,15,2012.8198154999998,4,3,3,10,Premium,1,Silver
18202,24,17,3470.6605259999997,4,3,3,10,Premium,1,Silver
18212,109,21,2404.1408386999997,3,3,3,9,Gold,1,Silver
18219,220,12,996.4822747999999,2,3,2,7,Silver,0,Standard
18223,88,32,3570.9822063999995,3,4,3,10,Premium,1,Silver
18225,257,2,113.23881499999999,1,1,1,3,Standard,0,Standard
18226,131,11,1156.9383696,3,3,2,8,Gold,1,Silver
18229,124,13,2189.4349337999997,3,3,3,9,Gold,1,Silver
18230,203,2,130.4202474,2,1,1,4,Standard,0,Standard
18233,109,1,75.71964999999999,3,1,1,5,Silver,1,Silver
18239,35,27,5883.338444,4,4,4,12,Premium,1,Silver
18245,34,30,6854.5885714,4,4,4,12,Premium,3,Gold
18250,19,6,1944.5961516,4,2,3,9,Gold,1,Silver
18256,180,2,69.68314240000001,2,1,1,4,Standard,0,Standard
18259,271,3,770.459148,1,1,2,4,Standard,0,Standard
18260,88,19,2434.4107933,3,3,3,9,Gold,1,Silver
18269,195,2,140.1229492,2,1,1,4,Standard,0,Standard
18277,70,1,274.46819999999997,3,1,1,5,Silver,1,Silver
18283,83,53,6450.9243227,3,4,4,11,Premium,3,Gold
